RegionID,RegionName,SizeRank,2008-03,2008-04,2008-05,2008-06,2008-07,2008-08,2008-09,2008-10,2008-11,2008-12,2009-01,2009-02,2009-03,2009-04,2009-05,2009-06,2009-07,2009-08,2009-09,2009-10,2009-11,2009-12,2010-01,2010-02,2010-03,2010-04,2010-05,2010-06,2010-07,2010-08,2010-09,2010-10,2010-11,2010-12,2011-01,2011-02,2011-03,2011-04,2011-05,2011-06,2011-07,2011-08,2011-09,2011-10,2011-11,2011-12,2012-01,2012-02,2012-03,2012-04,2012-05,2012-06,2012-07,2012-08,2012-09,2012-10,2012-11,2012-12,2013-01,2013-02,2013-03,2013-04,2013-05,2013-06,2013-07,2013-08,2013-09,2013-10,2013-11,2013-12,2014-01,2014-02,2014-03,2014-04,2014-05,2014-06,2014-07,2014-08,2014-09,2014-10,2014-11,2014-12,2015-01,2015-02,2015-03,2015-04,2015-05,2015-06,2015-07,2015-08,2015-09,2015-10,2015-11,2015-12,2016-01,2016-02,2016-03,2016-04,2016-05,2016-06,2016-07,2016-08,2016-09,2016-10,2016-11,2016-12,2017-01,2017-02,2017-03,2017-04,2017-05,2017-06,2017-07,2017-08,2017-09,2017-10,2017-11,2017-12,2018-01,2018-02
9.0,California,1,25183.0,25460.0,25897.0,27113.0,28940.0,30140.0,32767.0,34703.0,36e3,36550.0,37717.0,39306.0,39055.0,36784.0,34391.0,33877.0,34662.0,34663.0,35220.0,35394.0,37599.0,38447.0,38612.0,38005.0,37331.0,35910.0,34678.0,33493.0,32040.0,30436.0,29800.0,29910.0,31877.0,33235.0,35966.0,36357.0,36811.0,34860.0,32998.0,31322.0,30539.0,31259.0,31604.0,31927.0,33348.0,34244.0,36872.0,37901.0,38421.0,36698.0,35235.0,33868.0,33634.0,33567.0,32924.0,34166.0,36026.0,38431.0,40008.0,39848.0,39618.0,38099.0,37243.0,35736.0,36011.0,35826.0,36248.0,35989.0,36196.0,36163.0,36645.0,36148.0,35711.0,34881.0,34103.0,33839.0,33603.0,33309.0,33977.0,34522.0,35094.0,35357.0,35416.0,35850.0,36471.0,36969.0,37048.0,37500.0,38114.0,38025.0,38171.0,37184.0,37136.0,37342.0,37997.0,38927.0,38709.0,38192.0,37663.0,37734.0,37316.0,37919.0,38030.0,38533.0,40512.0,40524.0,42067.0,40163.0,41e3,38993.0,39409.0,39467.0,39633.0,39772.0,38783.0,39595.0,40700.0,39947.0,40358.0,39240.0
54.0,Texas,2,27105.0,25609.0,23688.0,23596.0,23346.0,22681.0,21671.0,21098.0,20435.0,20324.0,20364.0,21665.0,22159.0,21481.0,20104.0,20172.0,21027.0,21322.0,21231.0,21140.0,23573.0,23928.0,23588.0,22279.0,22751.0,23645.0,23565.0,23392.0,21257.0,19512.0,17716.0,17821.0,19160.0,19745.0,21512.0,21246.0,21900.0,20711.0,20402.0,19934.0,19469.0,19704.0,19296.0,19416.0,19806.0,20208.0,21891.0,22784.0,23222.0,21987.0,21393.0,21540.0,22246.0,21854.0,20977.0,21381.0,21901.0,22723.0,23939.0,25109.0,25877.0,26263.0,26253.0,26484.0,26208.0,26280.0,26395.0,25976.0,25932.0,25847.0,26566.0,26713.0,27046.0,26717.0,26749.0,27222.0,27326.0,25773.0,26143.0,26619.0,28354.0,28384.0,28429.0,28574.0,28766.0,28103.0,27755.0,28304.0,29160.0,28688.0,28345.0,28285.0,29040.0,29260.0,30022.0,32104.0,32440.0,31666.0,30193.0,30170.0,29915.0,30299.0,30108.0,30281.0,31557.0,31862.0,33842.0,33879.0,34764.0,33100.0,32758.0,32518.0,32476.0,31488.0,30574.0,31527.0,33137.0,33247.0,34374.0,
43.0,New York,3,,,,,,,,,,,,,,,,,,,,,,,,,,,,,,,,,,9380.0,9639.0,10040.0,11108.0,11715.0,11365.0,10939.0,10426.0,10388.0,9890.0,9513.0,9288.0,9201.0,9724.0,10096.0,10715.0,10807.0,10954.0,11018.0,10828.0,10528.0,10015.0,9863.0,9827.0,9812.0,10536.0,11159.0,11803.0,11728.0,11923.0,11801.0,11869.0,12054.0,12612.0,12935.0,12762.0,12686.0,12651.0,12594.0,12557.0,12493.0,12721.0,12725.0,12880.0,12772.0,12819.0,13007.0,12932.0,13208.0,12949.0,13591.0,13962.0,14366.0,13861.0,13888.0,14318.0,14839.0,15056.0,14828.0,15027.0,14996.0,15029.0,15712.0,16760.0,17289.0,16713.0,16177.0,15859.0,16246.0,15995.0,15867.0,16e3,16055.0,16824.0,17475.0,18422.0,18607.0,18343.0,18171.0,17515.0,17706.0,16815.0,17065.0,16449.0,16107.0,,
14.0,Florida,4,18173.0,17568.0,17403.0,17747.0,18096.0,17772.0,17957.0,17779.0,17501.0,17223.0,18036.0,19412.0,20365.0,20040.0,20113.0,20764.0,21891.0,22435.0,22985.0,23544.0,24815.0,25347.0,25876.0,25265.0,25803.0,25330.0,25360.0,24988.0,24429.0,23920.0,23208.0,23067.0,23708.0,24296.0,26852.0,28278.0,29603.0,28454.0,27491.0,26132.0,24875.0,25040.0,24820.0,24581.0,24590.0,24584.0,26049.0,26250.0,26869.0,26671.0,26828.0,26268.0,25886.0,25736.0,25820.0,27311.0,28682.0,30021.0,31943.0,32563.0,33152.0,32580.0,32914.0,33082.0,33019.0,33181.0,33613.0,33842.0,33640.0,33755.0,34534.0,35018.0,35277.0,34958.0,35207.0,35412.0,35687.0,35530.0,36433.0,37233.0,38027.0,38731.0,38382.0,39011.0,39610.0,40529.0,40089.0,40457.0,40643.0,40821.0,40642.0,39727.0,39668.0,38595.0,38667.0,39104.0,39342.0,38917.0,38438.0,38891.0,38305.0,38547.0,37476.0,37458.0,38303.0,38931.0,40805.0,40317.0,41448.0,40415.0,41118.0,41013.0,41013.0,41077.0,37267.0,37336.0,36727.0,39120.0,41041.0,
21.0,Illinois,5,15164.0,14748.0,13665.0,13044.0,12984.0,12649.0,12690.0,12277.0,11822.0,11206.0,10705.0,11183.0,11714.0,11988.0,11488.0,11195.0,11524.0,11714.0,12015.0,12342.0,13894.0,14702.0,14479.0,13869.0,13925.0,14394.0,14284.0,13927.0,12959.0,11732.0,10375.0,9712.0,10148.0,10682.0,11679.0,11972.0,12468.0,11894.0,11539.0,11087.0,10883.0,11049.0,10760.0,10829.0,11065.0,11570.0,12612.0,13278.0,13737.0,13328.0,12953.0,12680.0,12453.0,12523.0,11950.0,12054.0,11844.0,12251.0,13677.0,14525.0,15106.0,14652.0,14193.0,13944.0,14436.0,14801.0,15162.0,15178.0,15822.0,16231.0,16736.0,16888.0,16868.0,16448.0,15929.0,16021.0,15789.0,15228.0,15685.0,16327.0,16812.0,16817.0,16141.0,16743.0,16994.0,17501.0,17201.0,17443.0,18021.0,18575.0,18467.0,17957.0,17426.0,17080.0,17037.0,18407.0,18951.0,19043.0,18587.0,18813.0,18873.0,18985.0,18391.0,17988.0,17726.0,17884.0,18733.0,18706.0,19486.0,19036.0,19552.0,19175.0,19233.0,18987.0,18022.0,17673.0,17582.0,18002.0,18688.0,
47.0,Pennsylvania,6,13230.0,12765.0,11714.0,11295.0,10975.0,10796.0,10697.0,10460.0,10123.0,9567.0,9233.0,9339.0,9555.0,9647.0,9286.0,9373.0,9682.0,10191.0,10492.0,10619.0,11476.0,11615.0,11041.0,10055.0,10188.0,10951.0,11167.0,11370.0,10667.0,9855.0,8685.0,8301.0,8641.0,8808.0,9417.0,9971.0,10425.0,10117.0,9553.0,9296.0,9108.0,9384.0,9073.0,9068.0,8936.0,9024.0,9798.0,10490.0,10881.0,10561.0,10150.0,9904.0,9899.0,9792.0,9332.0,9407.0,9808.0,10448.0,11180.0,11570.0,11756.0,11655.0,11433.0,11454.0,11452.0,11514.0,11761.0,11627.0,11506.0,11370.0,11641.0,11807.0,11868.0,11602.0,11367.0,11584.0,11606.0,11747.0,11692.0,11941.0,12051.0,12404.0,12613.0,13375.0,13796.0,13845.0,13212.0,13083.0,13625.0,13898.0,14115.0,13916.0,13959.0,13931.0,14074.0,15216.0,15453.0,15422.0,14763.0,14835.0,14565.0,14712.0,14462.0,14381.0,14499.0,14667.0,15762.0,16299.0,17023.0,16378.0,15932.0,15465.0,15172.0,15173.0,14789.0,15184.0,15644.0,15834.0,16508.0,
44.0,Ohio,7,13522.0,13033.0,12113.0,11780.0,11518.0,11171.0,11106.0,11138.0,10985.0,10952.0,10539.0,11031.0,11007.0,11002.0,10204.0,9904.0,10028.0,10326.0,10612.0,10984.0,11838.0,12285.0,11997.0,11524.0,11547.0,11940.0,12123.0,11895.0,10692.0,9584.0,8863.0,8948.0,9347.0,9724.0,10544.0,11030.0,11417.0,11073.0,10652.0,9959.0,9593.0,9631.0,9732.0,9867.0,9995.0,10241.0,11017.0,11792.0,12144.0,11701.0,10993.0,10385.0,10062.0,9835.0,9516.0,9894.0,10315.0,11056.0,12041.0,12867.0,13372.0,13047.0,12830.0,12685.0,12857.0,12882.0,12795.0,12719.0,12707.0,12773.0,12743.0,12649.0,12345.0,11934.0,11737.0,11931.0,12139.0,11715.0,11851.0,12127.0,12590.0,13160.0,13309.0,14077.0,14248.0,14493.0,14149.0,14131.0,14214.0,14234.0,14075.0,13779.0,13352.0,13153.0,13662.0,14814.0,15106.0,14834.0,14449.0,14893.0,14893.0,15141.0,15042.0,15030.0,15052.0,14944.0,15598.0,15920.0,16713.0,16518.0,16744.0,16604.0,16507.0,16590.0,16492.0,17197.0,17587.0,18027.0,18478.0,
30.0,Michigan,8,12407.0,12570.0,12061.0,11636.0,11296.0,10823.0,10824.0,10724.0,9778.0,9856.0,10047.0,11644.0,12513.0,13021.0,12921.0,12141.0,12024.0,11773.0,11850.0,11189.0,10740.0,11535.0,12234.0,13624.0,14062.0,14630.0,14236.0,13490.0,12120.0,11050.0,10247.0,10034.0,9940.0,10403.0,11326.0,12581.0,13510.0,13464.0,12905.0,11750.0,11150.0,11519.0,11517.0,11296.0,11136.0,11454.0,12496.0,13796.0,14792.0,14763.0,14031.0,13153.0,12878.0,12598.0,12423.0,13043.0,14337.0,15004.0,15756.0,15766.0,16166.0,15729.0,15131.0,14737.0,14640.0,14468.0,14756.0,14910.0,15400.0,15450.0,15398.0,15108.0,14675.0,14447.0,14039.0,14079.0,14318.0,14255.0,14428.0,14351.0,14662.0,15486.0,15376.0,15388.0,15012.0,15504.0,15270.0,15615.0,15385.0,15776.0,15240.0,15285.0,15021.0,15247.0,15504.0,16536.0,17107.0,17219.0,17065.0,17104.0,17128.0,17292.0,17220.0,16101.0,13868.0,13691.0,15072.0,17154.0,17930.0,17453.0,18101.0,18124.0,18476.0,18498.0,17727.0,17397.0,15184.0,15013.0,15800.0,
16.0,Georgia,9,13840.0,13508.0,12723.0,12631.0,12551.0,12370.0,12454.0,12709.0,12513.0,12326.0,10984.0,10426.0,9980.0,9939.0,9736.0,9760.0,10290.0,10862.0,10790.0,10941.0,11435.0,12195.0,11336.0,10833.0,10397.0,11124.0,10971.0,10785.0,10028.0,9518.0,9475.0,10459.0,11515.0,11807.0,11525.0,11394.0,11395.0,11117.0,11105.0,11250.0,11775.0,12833.0,14443.0,16123.0,17361.0,17433.0,18106.0,18712.0,19247.0,19325.0,19153.0,20022.0,20344.0,20720.0,20136.0,20647.0,21238.0,21419.0,22008.0,21984.0,22092.0,21359.0,20905.0,21124.0,21272.0,21481.0,21133.0,21071.0,20758.0,20345.0,20053.0,19777.0,20031.0,19496.0,19282.0,19321.0,19830.0,19898.0,19959.0,20329.0,20435.0,20329.0,19817.0,19726.0,19757.0,19799.0,17937.0,16613.0,15092.0,15295.0,16669.0,17508.0,17094.0,17200.0,17550.0,20246.0,20478.0,21049.0,20980.0,22027.0,21271.0,20660.0,19035.0,18973.0,18895.0,19176.0,17901.0,16722.0,16045.0,16431.0,17235.0,17460.0,17496.0,17254.0,16363.0,16755.0,16924.0,17753.0,17141.0,
36.0,North Carolina,10,10972.0,10547.0,9517.0,9324.0,9124.0,8932.0,8752.0,8598.0,7921.0,7404.0,7006.0,7575.0,7745.0,7634.0,7100.0,7156.0,7521.0,7790.0,8119.0,8497.0,9066.0,8923.0,8380.0,8052.0,8252.0,8713.0,8688.0,8677.0,7852.0,7323.0,6821.0,6991.0,7112.0,7343.0,7578.0,7903.0,7955.0,7792.0,7381.0,7110.0,6793.0,7003.0,6992.0,7122.0,7020.0,6957.0,7347.0,8001.0,8333.0,8168.0,7733.0,7574.0,7373.0,7267.0,7115.0,7528.0,7878.0,8399.0,9037.0,9608.0,9808.0,9768.0,9693.0,9720.0,9668.0,9764.0,9836.0,10024.0,9880.0,9864.0,9984.0,10198.0,10211.0,9915.0,9737.0,9857.0,10027.0,9952.0,9830.0,10258.0,10298.0,10768.0,10695.0,11212.0,11362.0,10313.0,8918.0,8761.0,10014.0,11200.0,11204.0,10766.0,9909.0,9210.0,9182.0,10389.0,11251.0,11766.0,11907.0,12648.0,12537.0,12943.0,13001.0,13537.0,14040.0,14001.0,14600.0,14656.0,15374.0,14906.0,14634.0,14558.0,14401.0,14876.0,15067.0,16151.0,16398.0,15950.0,15912.0,
40.0,New Jersey,11,8071.0,8106.0,7784.0,7526.0,7342.0,7269.0,7073.0,6665.0,6277.0,5920.0,5458.0,5463.0,5562.0,5759.0,5522.0,5433.0,5618.0,6037.0,6515.0,6771.0,7337.0,7554.0,7295.0,6749.0,6678.0,6944.0,6995.0,7085.0,7019.0,6652.0,5839.0,5279.0,5381.0,5404.0,5753.0,6164.0,6658.0,6563.0,6188.0,5872.0,5717.0,5804.0,5748.0,5769.0,5540.0,5458.0,5541.0,6013.0,6291.0,6437.0,6404.0,6238.0,6248.0,6165.0,6129.0,6207.0,6104.0,6454.0,7017.0,7722.0,7862.0,7782.0,7656.0,7568.0,7564.0,7496.0,7757.0,7926.0,7950.0,7801.0,7668.0,7627.0,7768.0,7763.0,7822.0,7723.0,7837.0,7841.0,7929.0,7952.0,8029.0,8394.0,8410.0,8964.0,9132.0,9429.0,9192.0,9417.0,9803.0,10408.0,10438.0,10312.0,10114.0,10084.0,10191.0,11115.0,11617.0,11686.0,10957.0,11025.0,10948.0,11163.0,11094.0,11282.0,11458.0,11611.0,12887.0,13807.0,14862.0,14455.0,14009.0,13658.0,13375.0,13841.0,13885.0,14747.0,15061.0,14893.0,,
56.0,Virginia,12,7700.0,7501.0,6931.0,6831.0,6796.0,6922.0,7026.0,7093.0,6880.0,6587.0,6613.0,7045.0,7262.0,6918.0,6374.0,6411.0,6677.0,6896.0,6878.0,7001.0,7765.0,7655.0,7649.0,7045.0,7286.0,7248.0,7070.0,6904.0,6291.0,6037.0,5708.0,5786.0,6116.0,6296.0,6968.0,7111.0,7356.0,6895.0,6509.0,6243.0,6052.0,6128.0,6033.0,5996.0,6120.0,6213.0,6926.0,7377.0,7682.0,7305.0,6967.0,6818.0,6770.0,6729.0,6411.0,6512.0,6878.0,7169.0,7982.0,8166.0,8523.0,8028.0,7859.0,7886.0,7906.0,7792.0,7540.0,7434.0,7418.0,7398.0,7548.0,7626.0,7643.0,7553.0,7451.0,7657.0,7797.0,7853.0,7998.0,8097.0,8204.0,8255.0,8523.0,8769.0,9161.0,8959.0,8757.0,8487.0,8710.0,8833.0,9009.0,8953.0,9045.0,9229.0,9534.0,10353.0,10476.0,10432.0,10118.0,10334.0,10193.0,10327.0,10056.0,10101.0,10181.0,10278.0,11158.0,11284.0,11638.0,10995.0,10838.0,10806.0,10586.0,10554.0,10106.0,10468.0,10661.0,10892.0,11372.0,
59.0,Washington,13,7054.0,6629.0,5916.0,5709.0,5483.0,5286.0,5248.0,5192.0,4830.0,4416.0,4416.0,4768.0,4897.0,4664.0,4432.0,4738.0,5165.0,5467.0,5591.0,5908.0,6649.0,6703.0,6620.0,6322.0,6548.0,6578.0,6318.0,6049.0,5266.0,4770.0,4383.0,4613.0,4969.0,5436.0,6047.0,6281.0,6245.0,5803.0,5461.0,5317.0,5194.0,5360.0,5357.0,5567.0,5814.0,6017.0,6429.0,6702.0,6753.0,6442.0,6106.0,5984.0,5894.0,5992.0,5870.0,6194.0,6466.0,6906.0,7482.0,7659.0,7820.0,7559.0,7544.0,7532.0,7740.0,7866.0,7884.0,7708.0,7640.0,7710.0,8189.0,8378.0,8271.0,7827.0,7571.0,7799.0,7905.0,7909.0,7981.0,8314.0,8536.0,8727.0,8949.0,9452.0,9644.0,9680.0,9400.0,9678.0,9817.0,9895.0,9856.0,9713.0,9670.0,9779.0,10028.0,10513.0,10568.0,10423.0,10403.0,10569.0,10574.0,10808.0,10840.0,11055.0,11461.0,11441.0,12164.0,11741.0,11578.0,10456.0,10516.0,10970.0,11317.0,11513.0,11240.0,11486.0,11846.0,11633.0,11932.0,11851.0
26.0,Massachusetts,14,6351.0,6360.0,5387.0,5082.0,4845.0,4737.0,4684.0,4736.0,4525.0,4353.0,4166.0,4892.0,5272.0,5292.0,4560.0,4189.0,4402.0,4577.0,4808.0,4986.0,5611.0,5612.0,5443.0,5703.0,6262.0,6710.0,6077.0,5779.0,4892.0,4371.0,3895.0,4024.0,4260.0,4485.0,4787.0,5665.0,6030.0,6084.0,5088.0,4571.0,4174.0,4231.0,4013.0,3999.0,4143.0,4126.0,4253.0,4452.0,5213.0,5301.0,4753.0,4495.0,4549.0,5112.0,4399.0,4430.0,4726.0,5528.0,5952.0,6393.0,6588.0,6523.0,6021.0,5885.0,5972.0,5944.0,5908.0,5769.0,5782.0,5770.0,5909.0,6338.0,6497.0,6426.0,5896.0,5859.0,5842.0,5816.0,5749.0,5800.0,5791.0,5867.0,5909.0,6540.0,6597.0,6377.0,5757.0,5982.0,6605.0,6877.0,6946.0,5960.0,5755.0,5557.0,6368.0,7087.0,7220.0,7047.0,6412.0,6493.0,5756.0,5921.0,5822.0,6487.0,6118.0,6056.0,6489.0,7368.0,7679.0,7248.0,6700.0,6614.0,6605.0,6646.0,6395.0,6546.0,6895.0,6787.0,6915.0,
22.0,Indiana,15,6810.0,6693.0,6170.0,6289.0,6421.0,6569.0,6775.0,6985.0,7025.0,7024.0,6274.0,6254.0,6046.0,6346.0,6145.0,6282.0,6575.0,6793.0,6880.0,7103.0,7809.0,8309.0,7446.0,6633.0,6184.0,6836.0,7043.0,7104.0,6606.0,6133.0,5578.0,5667.0,6004.0,6356.0,6174.0,5983.0,5915.0,6087.0,6039.0,5895.0,5844.0,6031.0,5960.0,6116.0,6421.0,6804.0,6722.0,6684.0,6751.0,6913.0,6805.0,6603.0,6608.0,6548.0,6288.0,6464.0,6564.0,6740.0,6516.0,6582.0,6496.0,6560.0,6349.0,6288.0,6276.0,6314.0,6421.0,6558.0,6796.0,7002.0,7408.0,7959.0,8437.0,8603.0,8510.0,8585.0,8894.0,8875.0,8766.0,8597.0,8416.0,8604.0,7840.0,7623.0,7297.0,7739.0,7732.0,8042.0,8423.0,8874.0,9049.0,9036.0,9280.0,9396.0,8727.0,8518.0,8486.0,9230.0,9495.0,9583.0,9446.0,9455.0,9310.0,9257.0,9092.0,8719.0,8619.0,8343.0,9226.0,9525.0,10199.0,10212.0,10333.0,10644.0,10428.0,10949.0,10606.0,10017.0,8706.0,
8.0,Arizona,16,6924.0,6758.0,6848.0,7182.0,7669.0,7798.0,8237.0,8434.0,8555.0,8470.0,8530.0,8928.0,9356.0,9616.0,9830.0,10386.0,11105.0,11178.0,11143.0,11117.0,12049.0,12262.0,11985.0,11338.0,11262.0,11355.0,11177.0,11004.0,10309.0,9983.0,9746.0,10054.0,10941.0,11455.0,12288.0,12227.0,12535.0,12238.0,12058.0,11768.0,11449.0,11588.0,11309.0,11345.0,11788.0,11783.0,12130.0,11856.0,11960.0,11491.0,10961.0,10587.0,10522.0,10712.0,10608.0,11091.0,11884.0,12453.0,12812.0,12220.0,12143.0,11732.0,11726.0,11405.0,11256.0,10869.0,10773.0,10538.0,10631.0,10453.0,10482.0,10348.0,10318.0,10143.0,9946.0,10037.0,9925.0,10020.0,10128.0,10371.0,10365.0,10425.0,10394.0,10522.0,10710.0,10943.0,11017.0,11372.0,11605.0,11521.0,11324.0,11174.0,11525.0,11636.0,11711.0,11647.0,11782.0,11855.0,11978.0,12088.0,12117.0,12348.0,12367.0,12523.0,13511.0,13677.0,14170.0,13306.0,13683.0,13158.0,13501.0,13363.0,13417.0,13284.0,13195.0,13784.0,14681.0,14664.0,14769.0,14284.0
53.0,Tennessee,17,10395.0,9712.0,8851.0,8556.0,8324.0,8094.0,7923.0,7701.0,7141.0,6640.0,6647.0,7238.0,7534.0,7390.0,6919.0,6904.0,7036.0,7242.0,7432.0,7705.0,8154.0,8160.0,7964.0,7826.0,8138.0,8440.0,8303.0,8038.0,7187.0,6736.0,6268.0,6321.0,6386.0,6311.0,6607.0,6766.0,6862.0,6533.0,6290.0,6223.0,6139.0,6304.0,6415.0,6551.0,6587.0,6592.0,7186.0,7684.0,8062.0,7853.0,7575.0,7320.0,7163.0,7121.0,6913.0,7076.0,7032.0,7316.0,7797.0,8177.0,8329.0,8281.0,8224.0,8203.0,8090.0,8171.0,8298.0,8309.0,8209.0,8137.0,8408.0,8605.0,8827.0,8668.0,8548.0,8573.0,8631.0,8548.0,8729.0,8961.0,9126.0,9185.0,9078.0,9170.0,9397.0,9368.0,9412.0,9590.0,9905.0,10179.0,10137.0,10077.0,9505.0,9468.0,9510.0,10480.0,10487.0,10416.0,10152.0,10282.0,10028.0,9974.0,9791.0,9990.0,10125.0,10286.0,10782.0,10910.0,11293.0,10932.0,11050.0,10698.0,10475.0,10299.0,10073.0,10416.0,10260.0,10146.0,10373.0,
32.0,Missouri,18,6244.0,6083.0,5859.0,5729.0,5723.0,5600.0,5703.0,5639.0,5478.0,5307.0,5062.0,5205.0,5283.0,5306.0,5074.0,5028.0,5262.0,5491.0,5699.0,5888.0,6404.0,6495.0,6052.0,5565.0,5557.0,5907.0,6005.0,5854.0,5276.0,4751.0,4385.0,4496.0,4765.0,5028.0,5261.0,5314.0,5221.0,5067.0,4930.0,4934.0,4802.0,4962.0,4973.0,5074.0,5107.0,5117.0,5386.0,5555.0,5613.0,5494.0,5350.0,5191.0,5163.0,5095.0,4995.0,5091.0,5192.0,5616.0,6062.0,6258.0,6238.0,5945.0,5821.0,5644.0,5643.0,5659.0,5776.0,5680.0,5568.0,5578.0,5596.0,5663.0,5518.0,5422.0,5314.0,5436.0,5516.0,5581.0,5597.0,5733.0,5661.0,5773.0,5635.0,5953.0,6124.0,6331.0,6245.0,6308.0,6481.0,6498.0,6634.0,6503.0,6397.0,6403.0,6614.0,7211.0,7285.0,7323.0,7197.0,7283.0,7221.0,7204.0,7093.0,7187.0,7351.0,7246.0,7479.0,7440.0,7863.0,7724.0,7988.0,7806.0,7755.0,7672.0,7622.0,7816.0,7977.0,8013.0,8075.0,
27.0,Maryland,19,7699.0,7601.0,6901.0,6530.0,5871.0,5631.0,5622.0,6002.0,6164.0,5912.0,5147.0,4992.0,5286.0,5812.0,5669.0,5345.0,4877.0,5241.0,5294.0,5637.0,5640.0,5707.0,6033.0,5742.0,5953.0,5531.0,5683.0,5442.0,5026.0,5205.0,5138.0,5520.0,5213.0,4999.0,5043.0,5083.0,5806.0,6049.0,6141.0,5738.0,5383.0,5337.0,5110.0,5182.0,5014.0,4767.0,4916.0,5166.0,5405.0,5117.0,4988.0,4875.0,4783.0,4813.0,4604.0,4891.0,5179.0,5481.0,5992.0,5950.0,6013.0,5772.0,5717.0,5912.0,5859.0,6070.0,6333.0,6619.0,6490.0,6090.0,5937.0,5999.0,6132.0,6069.0,5563.0,5710.0,5814.0,6309.0,6268.0,6424.0,6518.0,6733.0,6811.0,7118.0,7273.0,7454.0,7275.0,7483.0,7575.0,7710.0,7434.0,7238.0,7046.0,7351.0,7376.0,8524.0,8829.0,9028.0,8566.0,8718.0,8894.0,8832.0,8716.0,8615.0,9247.0,9447.0,10045.0,10261.0,10691.0,10635.0,10246.0,10027.0,9569.0,9585.0,9545.0,9923.0,10377.0,10216.0,10691.0,
60.0,Wisconsin,20,6301.0,5772.0,5351.0,5214.0,5221.0,5169.0,5248.0,5208.0,5005.0,4647.0,4528.0,4773.0,4872.0,4632.0,4335.0,4396.0,4764.0,5053.0,5319.0,5415.0,5844.0,5983.0,5938.0,5713.0,5667.0,5771.0,5752.0,5840.0,5128.0,4445.0,3754.0,3861.0,4202.0,4392.0,5060.0,5378.0,5496.0,4874.0,4428.0,4199.0,4155.0,4238.0,4295.0,4431.0,4588.0,4850.0,5490.0,6058.0,6173.0,5835.0,5488.0,5333.0,5175.0,5034.0,4919.0,5195.0,5243.0,5698.0,6472.0,7103.0,6965.0,6224.0,5698.0,5549.0,5602.0,5687.0,5819.0,5835.0,5981.0,6090.0,6519.0,6642.0,6644.0,6173.0,5906.0,5914.0,6163.0,6141.0,6259.0,6570.0,6477.0,6476.0,6096.0,6375.0,6465.0,6462.0,6141.0,6179.0,6232.0,6428.0,6350.0,6320.0,6313.0,6407.0,6641.0,7297.0,7327.0,7153.0,7007.0,7292.0,7410.0,7345.0,7126.0,7124.0,7120.0,7098.0,7478.0,7486.0,7569.0,7125.0,7306.0,7494.0,7664.0,7623.0,7461.0,7680.0,7893.0,7886.0,8088.0,
31.0,Minnesota,21,5261.0,5183.0,4770.0,4746.0,4702.0,4642.0,4954.0,5124.0,5102.0,4879.0,4639.0,4906.0,4855.0,4885.0,4507.0,4445.0,4737.0,5068.0,5524.0,5658.0,6173.0,6389.0,6082.0,5843.0,5520.0,5666.0,5459.0,5386.0,5032.0,4436.0,3962.0,3728.0,4030.0,4317.0,4866.0,5362.0,5625.0,5502.0,5041.0,4642.0,4474.0,4554.0,4613.0,4779.0,5022.0,5332.0,5688.0,6312.0,6594.0,6359.0,5592.0,5202.0,5180.0,5311.0,5380.0,5645.0,5874.0,6197.0,6579.0,6881.0,6776.0,6450.0,6171.0,6181.0,6360.0,6643.0,7033.0,7226.0,7107.0,6954.0,6884.0,7019.0,6875.0,6644.0,6402.0,6478.0,6559.0,6515.0,6309.0,6355.0,6457.0,6810.0,6722.0,7189.0,7414.0,8074.0,8003.0,8173.0,7973.0,7821.0,7526.0,7317.0,7250.0,7325.0,7764.0,8745.0,9125.0,8818.0,8108.0,8196.0,8348.0,8666.0,8614.0,8511.0,8597.0,8466.0,8622.0,8317.0,8075.0,7848.0,8255.0,8929.0,9335.0,9301.0,9115.0,9152.0,9350.0,9175.0,9103.0,
10.0,Colorado,22,9014.0,8052.0,7347.0,7146.0,7045.0,6920.0,6875.0,7088.0,7022.0,6594.0,6568.0,7025.0,7216.0,6509.0,5647.0,5641.0,5832.0,6050.0,6053.0,6216.0,7026.0,7012.0,7379.0,7127.0,7578.0,7319.0,7010.0,6747.0,6023.0,5411.0,4900.0,4980.0,5532.0,5737.0,6640.0,6720.0,6976.0,6379.0,6055.0,5860.0,5630.0,5745.0,5761.0,6020.0,6455.0,6546.0,7306.0,7779.0,8080.0,7594.0,7083.0,6989.0,6907.0,6945.0,6885.0,7299.0,7828.0,8045.0,8896.0,9315.0,9736.0,9209.0,8866.0,8786.0,8837.0,8757.0,8602.0,8404.0,8276.0,7952.0,8407.0,8728.0,9162.0,8848.0,8573.0,8782.0,8951.0,8964.0,9039.0,9072.0,9305.0,9182.0,9433.0,9662.0,9973.0,9825.0,9603.0,9923.0,10045.0,10078.0,9908.0,9884.0,9974.0,9954.0,10550.0,11161.0,11225.0,10493.0,9828.0,9877.0,9728.0,9949.0,9837.0,10122.0,10877.0,10958.0,12120.0,11908.0,12066.0,10715.0,10234.0,10083.0,9960.0,9892.0,9566.0,9928.0,10373.0,10290.0,11187.0,11541.0
4.0,Alabama,23,3504.0,3319.0,3207.0,3195.0,3173.0,3175.0,3182.0,3152.0,2994.0,2911.0,2783.0,2791.0,2752.0,2684.0,2513.0,2435.0,2526.0,2688.0,2785.0,2811.0,3107.0,3213.0,3167.0,2906.0,2878.0,3024.0,3184.0,3240.0,3074.0,2871.0,2702.0,2669.0,2755.0,2756.0,2859.0,2851.0,2919.0,2806.0,2812.0,2859.0,3048.0,3221.0,3152.0,3136.0,2983.0,3040.0,3158.0,3173.0,3200.0,3106.0,3263.0,3265.0,3310.0,3270.0,3450.0,3728.0,4109.0,4201.0,4337.0,4234.0,4204.0,4054.0,4070.0,4044.0,4112.0,4178.0,4234.0,4326.0,4420.0,4543.0,4480.0,4412.0,4341.0,4366.0,4279.0,4356.0,4360.0,4453.0,4531.0,4553.0,4358.0,4174.0,3949.0,4051.0,4267.0,4504.0,4591.0,4668.0,4750.0,4758.0,4750.0,4653.0,4695.0,4789.0,4954.0,5147.0,5136.0,5024.0,4987.0,5023.0,4919.0,4835.0,4733.0,4846.0,5098.0,5193.0,5579.0,5461.0,5588.0,5332.0,5372.0,5246.0,5185.0,5223.0,5157.0,5281.0,5339.0,5359.0,5250.0,
51.0,South Carolina,24,6674.0,6480.0,6029.0,5875.0,5719.0,5716.0,5695.0,5600.0,5210.0,5079.0,4775.0,4864.0,4786.0,4657.0,4458.0,4395.0,4544.0,4802.0,4891.0,5125.0,5517.0,5877.0,5647.0,5472.0,5259.0,5572.0,5349.0,5345.0,4920.0,4849.0,4503.0,4622.0,4756.0,5138.0,5163.0,5277.0,5223.0,5170.0,4933.0,4747.0,4645.0,4740.0,4708.0,4839.0,4890.0,5120.0,5342.0,5634.0,5629.0,5530.0,5239.0,5089.0,5022.0,5281.0,5298.0,5662.0,5721.0,6022.0,6066.0,6164.0,6139.0,6195.0,6267.0,6259.0,6349.0,6519.0,6731.0,6894.0,6844.0,6934.0,6746.0,6512.0,6310.0,6112.0,6029.0,6034.0,6048.0,6031.0,6091.0,6207.0,6264.0,6352.0,6450.0,6698.0,7083.0,7150.0,7001.0,6789.0,6826.0,6842.0,6628.0,6381.0,6153.0,6032.0,6019.0,6329.0,6652.0,6696.0,6726.0,6699.0,6661.0,6669.0,6657.0,6841.0,7093.0,7190.0,7702.0,7976.0,8489.0,8290.0,8165.0,8213.0,8386.0,,,,,,,
25.0,Louisiana,25,3591.0,3292.0,3271.0,3306.0,3339.0,3006.0,2813.0,2669.0,2472.0,2559.0,2541.0,2726.0,2692.0,2636.0,2476.0,2487.0,2611.0,2726.0,2880.0,2949.0,3096.0,3083.0,2926.0,2744.0,2695.0,2878.0,2995.0,2918.0,2674.0,2528.0,2539.0,2544.0,2513.0,2555.0,2665.0,2740.0,2803.0,2784.0,2807.0,2828.0,2804.0,2845.0,2796.0,2785.0,2695.0,2543.0,2635.0,2713.0,2858.0,2888.0,3075.0,3091.0,3004.0,2765.0,2826.0,2953.0,3045.0,2959.0,2981.0,2989.0,3120.0,3238.0,3438.0,3605.0,3587.0,3608.0,3578.0,3657.0,3621.0,3649.0,3650.0,3821.0,3710.0,3730.0,3610.0,3826.0,3876.0,3787.0,3656.0,3640.0,3725.0,3771.0,3706.0,3684.0,3694.0,3575.0,3439.0,3127.0,3254.0,3412.0,3688.0,3579.0,3353.0,3285.0,3390.0,3670.0,3735.0,3652.0,3578.0,3485.0,3441.0,3428.0,3468.0,3527.0,3632.0,3699.0,3933.0,3960.0,4091.0,3857.0,3811.0,3570.0,3608.0,3561.0,3681.0,3723.0,3655.0,3604.0,3382.0,
24.0,Kentucky,26,3681.0,3467.0,3119.0,3043.0,3029.0,2985.0,3055.0,3031.0,2875.0,2794.0,2696.0,3005.0,3047.0,3103.0,2868.0,2972.0,3094.0,3264.0,3332.0,3415.0,3648.0,3736.0,3735.0,3734.0,3773.0,3801.0,3736.0,3674.0,3420.0,3103.0,2808.0,2685.0,2733.0,2811.0,3152.0,3410.0,3451.0,3219.0,2879.0,2715.0,2612.0,2704.0,2745.0,2745.0,2807.0,2909.0,3216.0,3424.0,3458.0,3338.0,3153.0,2862.0,2756.0,2513.0,2645.0,2787.0,3119.0,3357.0,3626.0,3804.0,3841.0,3770.0,3747.0,3722.0,3791.0,3773.0,3830.0,3787.0,3767.0,3733.0,3824.0,3925.0,3892.0,3749.0,3557.0,3478.0,3350.0,3258.0,3213.0,3192.0,3127.0,3164.0,3179.0,3330.0,3387.0,3457.0,3417.0,3577.0,3701.0,3861.0,3900.0,3658.0,3263.0,2819.0,3139.0,3731.0,4160.0,4096.0,4033.0,4145.0,4112.0,4197.0,4140.0,4168.0,4270.0,4435.0,4830.0,4912.0,5070.0,4744.0,4578.0,4409.0,4364.0,4457.0,4377.0,4517.0,4498.0,4513.0,4895.0,
46.0,Oregon,27,3907.0,3739.0,3425.0,3331.0,3256.0,3176.0,3193.0,3148.0,3041.0,2770.0,2629.0,2678.0,2778.0,2833.0,2751.0,2917.0,3150.0,3357.0,3499.0,3670.0,4067.0,4049.0,3868.0,3563.0,3645.0,3847.0,3884.0,3777.0,3297.0,2995.0,2856.0,2932.0,3169.0,3268.0,3526.0,3539.0,3554.0,3393.0,3224.0,3131.0,3030.0,3066.0,3029.0,3040.0,3184.0,3265.0,3546.0,3684.0,3718.0,3642.0,3527.0,3575.0,3525.0,3586.0,3576.0,3750.0,3854.0,3922.0,3998.0,4052.0,4133.0,4126.0,4189.0,4256.0,4281.0,4311.0,4284.0,4284.0,4188.0,3738.0,3896.0,4e3,4414.0,4373.0,4376.0,4589.0,4690.0,4692.0,4770.0,4864.0,5e3,4931.0,4939.0,5089.0,5306.0,5606.0,5640.0,5964.0,6082.0,6213.0,6273.0,6129.0,6159.0,6031.0,6220.0,6364.0,6383.0,6236.0,6114.0,6198.0,6059.0,6149.0,6167.0,6297.0,6584.0,6591.0,6963.0,6691.0,6522.0,5983.0,5861.0,6024.0,6096.0,6243.0,6159.0,6287.0,6390.0,6234.0,6341.0,6127.0
45.0,Oklahoma,28,3165.0,3183.0,3100.0,3139.0,3190.0,3125.0,3250.0,3312.0,3398.0,3394.0,3044.0,3029.0,2859.0,2954.0,2804.0,2840.0,2951.0,2988.0,2989.0,2888.0,3259.0,3419.0,3251.0,2855.0,2659.0,2956.0,3088.0,3118.0,2762.0,2462.0,2283.0,2325.0,2555.0,2735.0,2883.0,2804.0,2708.0,2627.0,2586.0,2689.0,2655.0,2730.0,2633.0,2741.0,3004.0,3195.0,3387.0,3438.0,3353.0,3287.0,3186.0,3333.0,3380.0,3314.0,3163.0,3092.0,3253.0,3591.0,3800.0,3774.0,3574.0,3626.0,3617.0,3746.0,3743.0,3803.0,3787.0,3587.0,3434.0,3259.0,3232.0,3182.0,3141.0,3061.0,3089.0,3198.0,3306.0,3270.0,3165.0,3219.0,3304.0,3773.0,3796.0,3908.0,3665.0,3693.0,3609.0,3538.0,3520.0,3389.0,3147.0,2788.0,2577.0,2541.0,3167.0,3889.0,4357.0,4156.0,3968.0,3870.0,3859.0,3932.0,3993.0,4072.0,4127.0,4240.0,4376.0,4388.0,4481.0,4427.0,4542.0,4534.0,4505.0,4504.0,4431.0,4485.0,4608.0,4805.0,5061.0,
11.0,Connecticut,29,3042.0,2891.0,2667.0,2564.0,2498.0,2375.0,2280.0,2244.0,2191.0,2021.0,1904.0,1973.0,2060.0,2038.0,1918.0,1978.0,2150.0,2298.0,2358.0,2429.0,2772.0,2801.0,2778.0,2638.0,2813.0,2892.0,2806.0,2838.0,2532.0,2263.0,1857.0,1730.0,1781.0,1804.0,2116.0,2285.0,2405.0,2261.0,2115.0,2108.0,2011.0,1858.0,1678.0,1696.0,1669.0,1633.0,1588.0,1755.0,1976.0,1970.0,1942.0,1901.0,2103.0,2187.0,1993.0,1988.0,2046.0,2302.0,2531.0,2505.0,2537.0,2512.0,2644.0,2664.0,2659.0,2641.0,2651.0,2581.0,2591.0,2580.0,2691.0,2801.0,2819.0,2702.0,2487.0,2527.0,2596.0,2642.0,2652.0,2694.0,2774.0,2818.0,2885.0,3193.0,3278.0,3242.0,2971.0,3036.0,3155.0,3244.0,3268.0,3007.0,2962.0,2893.0,3229.0,3445.0,3534.0,3431.0,3324.0,3297.0,2953.0,3008.0,2930.0,3262.0,3029.0,3069.0,3453.0,3968.0,4079.0,3744.0,3540.0,3567.0,3506.0,3428.0,3276.0,3353.0,3341.0,3251.0,3520.0,
19.0,Iowa,30,2989.0,2833.0,2539.0,2460.0,2459.0,2463.0,2540.0,2556.0,2442.0,2354.0,2199.0,2323.0,2339.0,2358.0,2206.0,2219.0,2305.0,2365.0,2408.0,2497.0,2816.0,2732.0,2597.0,2383.0,2533.0,2712.0,2754.0,2752.0,2341.0,2037.0,1764.0,1870.0,2020.0,2148.0,2299.0,2399.0,2414.0,2360.0,2242.0,2180.0,2100.0,2200.0,2270.0,2385.0,2458.0,2487.0,2689.0,2896.0,3006.0,2936.0,2809.0,2767.0,2716.0,2668.0,2601.0,2775.0,2881.0,3052.0,3180.0,3311.0,3312.0,3139.0,3025.0,3006.0,3174.0,3262.0,3338.0,3317.0,3385.0,3488.0,3562.0,3528.0,3409.0,3317.0,3255.0,3371.0,3346.0,3260.0,3162.0,3149.0,3187.0,3324.0,3407.0,3677.0,3735.0,3757.0,3577.0,3586.0,3624.0,3665.0,3621.0,3577.0,3475.0,3303.0,3382.0,3701.0,3858.0,3735.0,3523.0,3605.0,3616.0,3653.0,3568.0,3558.0,3589.0,3548.0,3837.0,4048.0,4244.0,4083.0,3875.0,3780.0,3647.0,3606.0,3578.0,3515.0,3714.0,3736.0,3807.0,
34.0,Mississippi,31,1231.0,1159.0,1117.0,1076.0,1029.0,985.0,960.0,955.0,944.0,1005.0,1004.0,1024.0,1055.0,1091.0,1127.0,1175.0,1227.0,1274.0,1299.0,1363.0,1537.0,1608.0,1558.0,1401.0,1306.0,1365.0,1458.0,1471.0,1343.0,1165.0,1070.0,1084.0,1218.0,1324.0,1426.0,1372.0,1355.0,1314.0,1363.0,1356.0,1302.0,1294.0,1315.0,1382.0,1437.0,1412.0,1447.0,1328.0,1321.0,1244.0,1344.0,1369.0,1368.0,1296.0,1226.0,1290.0,1383.0,1450.0,1548.0,1508.0,1473.0,1323.0,1334.0,1344.0,1389.0,1445.0,1520.0,1566.0,1549.0,1553.0,1588.0,1610.0,1600.0,1572.0,1562.0,1579.0,1576.0,1568.0,1562.0,1509.0,1422.0,1392.0,1415.0,1378.0,1422.0,1434.0,1573.0,1653.0,1729.0,1709.0,1653.0,1646.0,1679.0,1658.0,1724.0,1701.0,1738.0,1655.0,1637.0,1609.0,1563.0,1614.0,1571.0,1579.0,1614.0,1711.0,1781.0,1722.0,1747.0,1668.0,1770.0,1767.0,1743.0,1617.0,1463.0,1429.0,1403.0,1389.0,1333.0,
6.0,Arkansas,32,2932.0,2843.0,2632.0,2559.0,2496.0,2481.0,2433.0,2424.0,2306.0,2249.0,2172.0,2315.0,2343.0,2389.0,2233.0,2286.0,2265.0,2310.0,2332.0,2439.0,2711.0,2767.0,2595.0,2357.0,2278.0,2475.0,2528.0,2572.0,2296.0,2171.0,2022.0,2129.0,2234.0,2320.0,2389.0,2302.0,2287.0,2217.0,2145.0,2078.0,2003.0,2079.0,2073.0,2088.0,2130.0,2144.0,2199.0,2196.0,2160.0,2082.0,1998.0,2017.0,2037.0,2062.0,1947.0,2006.0,2069.0,2164.0,2278.0,2283.0,2329.0,2210.0,2175.0,2137.0,2178.0,2233.0,2242.0,2232.0,2186.0,2236.0,2282.0,2301.0,2285.0,2263.0,2227.0,2248.0,2238.0,2138.0,2138.0,2114.0,2192.0,2175.0,2132.0,2128.0,2133.0,2108.0,2127.0,2171.0,2246.0,2234.0,2264.0,2291.0,2308.0,2391.0,2521.0,2819.0,2868.0,2924.0,2873.0,2898.0,2753.0,2765.0,2611.0,2627.0,2677.0,2832.0,3061.0,3047.0,3133.0,3011.0,2998.0,3047.0,3056.0,3098.0,3061.0,3191.0,3385.0,3358.0,3470.0,
23.0,Kansas,33,2228.0,2136.0,1919.0,1704.0,1589.0,1615.0,1748.0,1775.0,1698.0,1602.0,1585.0,1676.0,1770.0,1763.0,1678.0,1715.0,1834.0,1934.0,1940.0,1959.0,2163.0,2176.0,2026.0,1818.0,1851.0,1997.0,2040.0,1964.0,1694.0,1450.0,1308.0,1311.0,1442.0,1492.0,1626.0,1605.0,1593.0,1548.0,1493.0,1477.0,1446.0,1493.0,1523.0,1510.0,1508.0,1582.0,1729.0,1882.0,1847.0,1790.0,1687.0,1668.0,1685.0,1712.0,1634.0,1606.0,1698.0,1819.0,1979.0,1975.0,2022.0,1911.0,1907.0,1913.0,1996.0,2032.0,2076.0,2085.0,2056.0,2086.0,2161.0,2194.0,2142.0,2064.0,2059.0,2130.0,2191.0,2166.0,2124.0,2084.0,2130.0,2199.0,2202.0,2284.0,2300.0,2373.0,2314.0,2408.0,2434.0,2427.0,2418.0,2449.0,2465.0,2438.0,2509.0,2749.0,2893.0,2882.0,2772.0,2767.0,2736.0,2806.0,2756.0,2766.0,2838.0,2748.0,2923.0,2871.0,3037.0,2885.0,2926.0,2849.0,2918.0,2856.0,2905.0,2871.0,3016.0,3043.0,2903.0,
55.0,Utah,34,3690.0,3467.0,3187.0,3028.0,2943.0,2868.0,3014.0,3011.0,2956.0,2874.0,2778.0,2834.0,2777.0,2751.0,2664.0,2743.0,2949.0,3021.0,3084.0,3212.0,3506.0,3681.0,3473.0,3303.0,3224.0,3400.0,3376.0,3098.0,2718.0,2473.0,2497.0,2613.0,2754.0,2859.0,3018.0,3074.0,3137.0,2996.0,2919.0,2753.0,2675.0,2726.0,2802.0,2925.0,2992.0,3219.0,3314.0,3404.0,3272.0,3228.0,3177.0,2892.0,2550.0,2417.0,2459.0,2852.0,3148.0,3580.0,3715.0,3618.0,3443.0,3379.0,3457.0,3461.0,3531.0,3506.0,3532.0,3410.0,3290.0,3356.0,3431.0,3530.0,3406.0,3332.0,3257.0,3273.0,3263.0,3262.0,3288.0,3442.0,3464.0,3618.0,3429.0,3344.0,3257.0,3329.0,3272.0,3329.0,3313.0,3486.0,3439.0,3369.0,3168.0,3060.0,3306.0,3707.0,3955.0,3879.0,3832.0,3979.0,3895.0,3824.0,3756.0,4053.0,4300.0,4316.0,4536.0,4621.0,4913.0,4768.0,4806.0,4765.0,4802.0,5e3,5088.0,5444.0,5517.0,5649.0,,
42.0,Nevada,35,3040.0,3047.0,3209.0,3242.0,3562.0,3658.0,4006.0,4120.0,4213.0,4222.0,4294.0,4466.0,4686.0,4706.0,4766.0,4801.0,5140.0,5198.0,5373.0,5341.0,5710.0,5804.0,5730.0,5236.0,4947.0,4594.0,4434.0,4177.0,4203.0,4293.0,4442.0,4416.0,4782.0,4980.0,5246.0,5138.0,5226.0,4989.0,4853.0,4562.0,4781.0,5110.0,5263.0,5258.0,5377.0,5456.0,5662.0,5651.0,5693.0,5340.0,4931.0,4779.0,4706.0,4615.0,4298.0,4305.0,4521.0,4605.0,4716.0,4645.0,4697.0,4609.0,4545.0,4340.0,4470.0,4397.0,4623.0,4497.0,4534.0,4451.0,4431.0,4304.0,4347.0,4279.0,4331.0,4307.0,4303.0,4318.0,4416.0,4474.0,4530.0,4502.0,4434.0,4425.0,4460.0,4535.0,4496.0,4555.0,4878.0,4937.0,4812.0,4471.0,4485.0,4662.0,4797.0,4863.0,4879.0,4892.0,4989.0,5074.0,5122.0,5161.0,5165.0,5142.0,5531.0,5556.0,5731.0,5220.0,5357.0,5115.0,5456.0,5431.0,5874.0,6007.0,6122.0,5988.0,5930.0,5676.0,5793.0,5803.0
41.0,New Mexico,36,1543.0,1531.0,1460.0,1456.0,1402.0,1374.0,1355.0,1342.0,1298.0,1237.0,1176.0,1164.0,1175.0,1209.0,1178.0,1214.0,1255.0,1306.0,1341.0,1388.0,1544.0,1555.0,1499.0,1366.0,1387.0,1478.0,1540.0,1557.0,1423.0,1338.0,1266.0,1278.0,1406.0,1424.0,1495.0,1364.0,1341.0,1266.0,1241.0,1201.0,1137.0,1131.0,1114.0,1144.0,1232.0,1277.0,1371.0,1376.0,1438.0,1439.0,1463.0,1432.0,1355.0,1336.0,1274.0,1354.0,1413.0,1554.0,1645.0,1619.0,1580.0,1535.0,1561.0,1573.0,1602.0,1610.0,1606.0,1605.0,1618.0,1642.0,1697.0,1711.0,1774.0,1728.0,1713.0,1662.0,1578.0,1570.0,1587.0,1693.0,1696.0,1673.0,1618.0,1563.0,1590.0,1654.0,1724.0,1746.0,1772.0,1799.0,1845.0,1826.0,1829.0,1843.0,1866.0,1894.0,1864.0,1892.0,1888.0,1962.0,1917.0,1946.0,1915.0,1879.0,1957.0,2005.0,2143.0,2074.0,2112.0,2054.0,2192.0,2264.0,2270.0,2223.0,2117.0,2198.0,2313.0,2357.0,2415.0,
61.0,West Virginia,37,930.0,958.0,972.0,931.0,935.0,894.0,920.0,914.0,891.0,813.0,768.0,772.0,823.0,838.0,857.0,828.0,871.0,887.0,945.0,951.0,1011.0,1025.0,973.0,926.0,959.0,1057.0,1107.0,1102.0,1038.0,1021.0,1024.0,1047.0,1062.0,1033.0,1081.0,1100.0,1117.0,1107.0,1053.0,1009.0,861.0,767.0,671.0,654.0,648.0,670.0,701.0,741.0,764.0,761.0,751.0,705.0,726.0,736.0,777.0,782.0,826.0,863.0,926.0,946.0,950.0,949.0,947.0,932.0,932.0,960.0,1032.0,1060.0,1044.0,1042.0,1048.0,1054.0,1021.0,1009.0,981.0,962.0,931.0,937.0,868.0,745.0,629.0,571.0,561.0,599.0,664.0,697.0,669.0,681.0,740.0,774.0,781.0,787.0,805.0,789.0,782.0,845.0,867.0,860.0,835.0,869.0,814.0,722.0,654.0,654.0,689.0,680.0,699.0,671.0,669.0,638.0,663.0,691.0,708.0,701.0,693.0,714.0,719.0,722.0,747.0,
38.0,Nebraska,38,1284.0,1276.0,1175.0,1147.0,1088.0,1047.0,1078.0,1101.0,1055.0,1007.0,967.0,1091.0,1112.0,1147.0,1181.0,1385.0,1582.0,1645.0,1666.0,1736.0,1914.0,1827.0,1611.0,1467.0,1572.0,1752.0,1524.0,1523.0,1234.0,1238.0,1030.0,1098.0,1189.0,1244.0,1360.0,1439.0,1459.0,1401.0,1324.0,1315.0,1294.0,1311.0,1305.0,1307.0,1384.0,1392.0,1517.0,1583.0,1636.0,1572.0,1481.0,1455.0,1445.0,1410.0,1379.0,1399.0,1423.0,1501.0,1564.0,1614.0,1598.0,1556.0,1522.0,1536.0,1590.0,1660.0,1665.0,1647.0,1634.0,1651.0,1704.0,1794.0,1784.0,1735.0,1602.0,1637.0,1653.0,1684.0,1691.0,1682.0,1683.0,1695.0,1743.0,1809.0,1841.0,1887.0,1918.0,1975.0,1988.0,1953.0,1930.0,1934.0,1969.0,1992.0,2051.0,2183.0,2183.0,2115.0,2003.0,2053.0,1972.0,2012.0,1982.0,2033.0,2155.0,2169.0,2378.0,2334.0,2384.0,2195.0,2151.0,2133.0,2134.0,2053.0,1988.0,1994.0,2097.0,2141.0,2331.0,
20.0,Idaho,39,1483.0,1328.0,1197.0,1156.0,1115.0,1102.0,1110.0,1110.0,1068.0,1005.0,1100.0,1194.0,1254.0,1198.0,1138.0,1170.0,1217.0,1263.0,1301.0,1396.0,1650.0,1659.0,1665.0,1521.0,1611.0,1608.0,1567.0,1455.0,1250.0,1176.0,1172.0,1285.0,1411.0,1528.0,1636.0,1643.0,1624.0,1532.0,1419.0,1297.0,1224.0,1231.0,1197.0,1263.0,1341.0,1433.0,1559.0,1619.0,1638.0,1498.0,1322.0,1269.0,1248.0,1305.0,1235.0,1320.0,1457.0,1611.0,1700.0,1678.0,1682.0,1605.0,1596.0,1595.0,1662.0,1675.0,1659.0,1592.0,1601.0,1598.0,1746.0,1804.0,1860.0,1789.0,1748.0,1781.0,1814.0,1786.0,1806.0,1827.0,1909.0,1909.0,1964.0,1995.0,2068.0,2086.0,2080.0,2120.0,2124.0,2141.0,2172.0,2190.0,2208.0,2237.0,2289.0,2336.0,2306.0,2271.0,2285.0,2386.0,2391.0,2461.0,2412.0,2461.0,2610.0,2676.0,2726.0,2477.0,2416.0,2324.0,2446.0,2548.0,2610.0,2707.0,2748.0,2877.0,2988.0,2942.0,2876.0,
18.0,Hawaii,40,1337.0,1315.0,1252.0,1181.0,1079.0,999.0,958.0,926.0,835.0,796.0,729.0,789.0,775.0,790.0,756.0,799.0,941.0,1002.0,1038.0,1019.0,1065.0,1085.0,1062.0,1046.0,1062.0,1111.0,1111.0,1148.0,1075.0,1058.0,1010.0,1011.0,987.0,1019.0,1053.0,1172.0,1179.0,1179.0,1098.0,1087.0,1072.0,1106.0,1116.0,1104.0,1233.0,1200.0,1231.0,1152.0,1161.0,1150.0,1083.0,1040.0,1018.0,1050.0,1071.0,1139.0,1144.0,1239.0,1238.0,1258.0,1209.0,1272.0,1276.0,1299.0,1272.0,1352.0,1367.0,1365.0,1297.0,1294.0,1337.0,1365.0,1352.0,1335.0,1355.0,1349.0,1348.0,1326.0,1350.0,1400.0,1323.0,1347.0,1347.0,1460.0,1464.0,1438.0,1420.0,1464.0,1504.0,1505.0,1489.0,1453.0,1385.0,1347.0,1364.0,1579.0,1630.0,1622.0,1486.0,1465.0,1439.0,1483.0,1490.0,1455.0,1472.0,1537.0,1935.0,1868.0,1792.0,1432.0,1458.0,1470.0,1452.0,1464.0,1451.0,1538.0,1555.0,1538.0,1522.0,1475.0
35.0,Montana,41,816.0,770.0,666.0,628.0,609.0,605.0,582.0,573.0,516.0,487.0,476.0,570.0,615.0,608.0,543.0,547.0,591.0,599.0,610.0,632.0,724.0,726.0,709.0,679.0,717.0,763.0,748.0,688.0,587.0,517.0,497.0,525.0,585.0,626.0,663.0,688.0,692.0,663.0,579.0,540.0,504.0,540.0,554.0,588.0,613.0,625.0,676.0,744.0,779.0,752.0,676.0,648.0,635.0,614.0,609.0,640.0,726.0,742.0,796.0,835.0,872.0,821.0,763.0,743.0,761.0,744.0,729.0,716.0,729.0,727.0,694.0,727.0,729.0,755.0,705.0,730.0,757.0,774.0,773.0,766.0,750.0,777.0,801.0,854.0,861.0,879.0,855.0,863.0,886.0,887.0,896.0,888.0,912.0,925.0,957.0,989.0,977.0,948.0,914.0,936.0,892.0,916.0,907.0,934.0,1006.0,976.0,1032.0,989.0,1050.0,987.0,956.0,979.0,990.0,1039.0,1014.0,1046.0,1024.0,970.0,927.0,
13.0,Delaware,42,729.0,730.0,727.0,689.0,648.0,615.0,626.0,614.0,588.0,547.0,510.0,520.0,531.0,552.0,548.0,549.0,600.0,608.0,629.0,609.0,678.0,662.0,620.0,539.0,544.0,587.0,637.0,717.0,683.0,604.0,481.0,449.0,497.0,497.0,552.0,547.0,578.0,565.0,555.0,525.0,509.0,497.0,504.0,517.0,645.0,775.0,915.0,985.0,1043.0,1042.0,1020.0,981.0,962.0,959.0,909.0,906.0,910.0,955.0,988.0,986.0,981.0,993.0,996.0,996.0,999.0,1014.0,1019.0,1008.0,986.0,982.0,1001.0,1012.0,1039.0,1024.0,1010.0,991.0,991.0,986.0,967.0,972.0,863.0,771.0,614.0,650.0,677.0,689.0,633.0,719.0,880.0,1004.0,1027.0,1050.0,955.0,961.0,946.0,1144.0,1154.0,1163.0,1105.0,1170.0,1138.0,1181.0,1152.0,1204.0,1216.0,1240.0,1315.0,1368.0,1456.0,1417.0,1463.0,1445.0,1463.0,1425.0,1385.0,1351.0,1324.0,1226.0,1220.0,
3.0,Alaska,43,,,,,,,,,,,,,,,,,,,,,,,,,,,,,,,,,,,,,,,,,,,,,,,,,,,,,,,,,,,,,,,,,,,,,,,,,,,,,,,,,,,,,,,,,,,490.0,485.0,469.0,493.0,528.0,585.0,578.0,539.0,528.0,542.0,568.0,579.0,560.0,550.0,561.0,558.0,618.0,592.0,578.0,507.0,514.0,546.0,550.0,555.0,548.0,564.0,554.0,522.0,532.0,502.0
37.0,North Dakota,44,577.0,584.0,556.0,532.0,545.0,548.0,522.0,501.0,455.0,405.0,394.0,451.0,531.0,533.0,490.0,445.0,444.0,491.0,614.0,657.0,664.0,532.0,488.0,466.0,555.0,598.0,637.0,656.0,610.0,553.0,477.0,497.0,518.0,501.0,549.0,540.0,591.0,535.0,478.0,431.0,421.0,484.0,509.0,522.0,510.0,492.0,590.0,716.0,809.0,759.0,679.0,638.0,613.0,612.0,576.0,586.0,571.0,572.0,638.0,681.0,724.0,669.0,636.0,615.0,634.0,652.0,663.0,651.0,645.0,607.0,640.0,669.0,737.0,681.0,665.0,662.0,699.0,693.0,663.0,652.0,646.0,581.0,601.0,567.0,700.0,677.0,687.0,580.0,553.0,554.0,629.0,678.0,684.0,665.0,703.0,764.0,778.0,742.0,706.0,693.0,688.0,684.0,679.0,680.0,673.0,663.0,685.0,685.0,738.0,689.0,728.0,742.0,752.0,736.0,678.0,661.0,635.0,587.0,576.0,
58.0,Vermont,45,423.0,396.0,332.0,291.0,252.0,252.0,278.0,305.0,308.0,278.0,260.0,250.0,265.0,268.0,263.0,273.0,290.0,311.0,324.0,333.0,357.0,362.0,366.0,383.0,391.0,411.0,395.0,461.0,440.0,447.0,418.0,469.0,514.0,517.0,546.0,575.0,590.0,575.0,550.0,547.0,541.0,525.0,489.0,439.0,408.0,441.0,515.0,599.0,619.0,628.0,634.0,652.0,650.0,619.0,595.0,631.0,640.0,681.0,670.0,745.0,709.0,711.0,662.0,694.0,696.0,712.0,727.0,726.0,714.0,703.0,710.0,766.0,759.0,750.0,683.0,694.0,712.0,717.0,733.0,741.0,729.0,733.0,689.0,746.0,755.0,812.0,772.0,776.0,776.0,805.0,788.0,766.0,757.0,762.0,801.0,943.0,956.0,902.0,774.0,772.0,781.0,778.0,757.0,767.0,765.0,763.0,807.0,862.0,906.0,843.0,810.0,803.0,844.0,836.0,816.0,837.0,863.0,877.0,908.0,
12.0,District of Columbia,46,489.0,424.0,399.0,390.0,406.0,432.0,444.0,429.0,395.0,360.0,361.0,352.0,368.0,365.0,375.0,403.0,434.0,489.0,541.0,544.0,566.0,560.0,598.0,540.0,546.0,530.0,516.0,498.0,458.0,541.0,543.0,577.0,547.0,506.0,527.0,516.0,554.0,512.0,489.0,445.0,423.0,427.0,453.0,431.0,406.0,382.0,424.0,438.0,450.0,432.0,441.0,449.0,473.0,502.0,503.0,496.0,498.0,494.0,575.0,599.0,635.0,604.0,592.0,615.0,634.0,663.0,651.0,643.0,645.0,644.0,682.0,694.0,729.0,683.0,672.0,683.0,732.0,734.0,729.0,738.0,756.0,761.0,734.0,737.0,739.0,764.0,768.0,743.0,743.0,725.0,741.0,733.0,751.0,775.0,788.0,810.0,800.0,814.0,821.0,841.0,807.0,806.0,824.0,805.0,789.0,704.0,759.0,721.0,787.0,736.0,781.0,736.0,734.0,731.0,746.0,770.0,785.0,789.0,803.0,790.0
62.0,Wyoming,47,389.0,377.0,350.0,366.0,377.0,387.0,375.0,351.0,314.0,289.0,296.0,295.0,306.0,278.0,291.0,310.0,354.0,357.0,367.0,353.0,386.0,374.0,360.0,325.0,331.0,338.0,349.0,333.0,295.0,263.0,245.0,270.0,288.0,317.0,343.0,331.0,309.0,289.0,302.0,322.0,319.0,325.0,305.0,320.0,326.0,323.0,323.0,323.0,341.0,321.0,321.0,323.0,336.0,336.0,294.0,285.0,281.0,326.0,337.0,340.0,334.0,328.0,334.0,335.0,344.0,353.0,356.0,352.0,355.0,357.0,383.0,370.0,363.0,347.0,354.0,358.0,353.0,344.0,346.0,346.0,348.0,348.0,361.0,371.0,390.0,381.0,374.0,372.0,381.0,392.0,395.0,385.0,383.0,382.0,394.0,411.0,399.0,392.0,377.0,393.0,397.0,404.0,399.0,417.0,426.0,437.0,464.0,464.0,467.0,420.0,433.0,470.0,493.0,511.0,490.0,511.0,523.0,556.0,602.0,
