"RegionID","RegionName","SizeRank","2010-09","2010-10","2010-11","2010-12","2011-01","2011-02","2011-03","2011-04","2011-05","2011-06","2011-07","2011-08","2011-09","2011-10","2011-11","2011-12","2012-01","2012-02","2012-03","2012-04","2012-05","2012-06","2012-07","2012-08","2012-09","2012-10","2012-11","2012-12","2013-01","2013-02","2013-03","2013-04","2013-05","2013-06","2013-07","2013-08","2013-09","2013-10","2013-11","2013-12","2014-01","2014-02","2014-03","2014-04","2014-05","2014-06","2014-07","2014-08","2014-09","2014-10","2014-11","2014-12","2015-01","2015-02","2015-03","2015-04","2015-05","2015-06","2015-07","2015-08","2015-09","2015-10","2015-11","2015-12","2016-01","2016-02","2016-03","2016-04","2016-05","2016-06","2016-07","2016-08","2016-09","2016-10","2016-11","2016-12","2017-01","2017-02","2017-03","2017-04","2017-05","2017-06","2017-07","2017-08","2017-09","2017-10","2017-11","2017-12","2018-01","2018-02"
9,"California",1,14.2808840502903,13.8275525399738,13.9290319380198,15.730955671433,15.9104837977812,14.5967186006948,15.396063881895,15.1007757528679,14.471119534182,14.9292074267877,14.1758165928698,13.1932059230537,12.6352577499322,12.6426059540433,12.5604475480426,13.6217158003486,12.6772379703873,12.2649029814743,11.1148011211413,10.5212594397922,9.73965839391599,8.61318195022319,7.82526129683116,7.86706975460737,6.78691146907931,6.8154331078299,8.33806434304825,8.97677148995892,8.63760385989177,8.17499803991938,8.43114807152822,8.22280299630106,8.69560041076772,8.75141825766602,9.97155903416125,11.79680557391,11.9601950859249,12.9739712314763,12.8174899015933,12.471079449122,13.1490087870083,13.5289525866601,13.1774437328382,13.8044999011952,14.2442615639816,14.1361491237532,15.1557633148991,15.5219780533391,14.6537800332871,15.1207724169344,13.1590624308684,12.4735160827689,12.4551059884847,12.9568538378158,12.9508384600063,12.0643711936392,12.1569396111461,11.6927847248796,12.3505185027044,12.6985439652627,12.135575056185,12.3561202696089,11.405550764184,11.3353518664795,11.4767644314518,12.3125172859628,12.1468431353315,11.9019883957561,11.7346597122523,12.4104709753317,12.2228616335617,13.1024351324093,11.3255411099407,9.77383571020572,11.746587117732,10.8254724029889,10.5735518492301,10.743349798548,11.193818043418,11.1455991798228,11.8186100012486,12.2062716376143,12.2394696145508,13.1664241291255,11.9873671070923,12.3876517674591,12.074145376162,10.7032397768249,11.9834730781562,12.2248316433943
54,"Texas",2,13.7224994834629,12.9538684727751,12.8654963504649,13.8416306974177,13.5503510309959,12.6288562474995,14.2270211260652,13.9402431955195,14.119646134679,13.9884983243193,12.861513589532,12.4384988916712,12.1031214494768,11.8023380764485,12.0747292263097,12.7305700582859,12.1157157655812,12.5684159697704,12.5242339461178,12.2021452601216,12.9455906227726,12.8649069517726,12.0533813648129,12.8129976130025,11.5528475710138,11.1016295356545,12.2400515533082,12.0430773447778,12.124362025358,11.9316080240547,11.4196886702772,11.0082488589071,11.0302320977921,10.977920585531,11.2001901112699,12.7158558639224,12.0376129503556,12.7715433732839,12.2915925998213,12.5133267896325,12.5445754151263,12.3940803541654,11.9706518500164,12.1645265939326,12.2981656560518,11.961023927537,12.9247419855326,13.4931564816711,12.7007473844424,13.3422442865411,12.7463379198096,13.5409880951656,13.2101768602156,12.8673474208745,12.440148474277,12.0673069187946,11.7996489323799,11.5679934373416,13.4590919015745,14.469129275863,14.4820421244116,14.4860781306188,13.7277520781458,13.9167843077352,14.2788147963879,14.7545963539881,13.7307025023784,13.4233129219286,12.386398716374,13.2587498383127,13.5032881356162,14.6645648356852,14.247025745652,13.0381861592717,14.0108191264997,13.3128993534914,14.0149395895562,14.4374231380201,15.0215685920666,14.4941704119219,15.5682220316612,16.4207369572894,16.4429555775132,16.6689054830229,14.4743881599804,15.8989975119174,15.5127085830327,13.7518759178037,15.1108947546635,14.6822347117407
43,"New York",3,11.5196964485033,11.7804612256864,11.8538636001679,11.8043418937446,11.5692688769687,11.3765457941691,13.1136193667914,12.8937675501223,13.1033988631088,13.9383082213518,13.3421588597745,12.612470626953,12.2015646955735,11.9428755726213,11.9031145407401,11.8938194717408,11.7911575105858,12.6757675081178,12.0951734380475,10.7037087269696,11.018443078616,10.3845224507761,10.1623852859856,11.0427432563171,9.43302597730477,9.67108642194542,8.97504815266347,9.9567292817097,10.4231792338496,9.95036781213017,9.23629152252949,10.0118494472778,9.53220426799815,9.07901106222104,10.0387291863273,10.9699489487206,10.4359740418481,10.801108714563,10.5656887834579,10.1303294254751,10.3659898115173,9.5946742083929,9.75480852481708,10.4029019533671,11.3407140258003,11.0211176633024,12.318031397633,12.1015666374881,11.8290988271971,11.7739777087031,10.6614440943302,10.8970951480243,10.8219728992361,9.9509900948601,9.9108863714008,10.4514950059138,11.3304900644527,11.6274129063764,12.135933303364,12.1259133758523,11.9948984026632,11.8264819419698,11.6435055334695,11.8692995846109,11.0232985537632,11.7906781312469,11.8899988854357,10.9475638466603,10.2602998882529,10.8097950907787,10.2024509292069,11.3165914027786,10.1158142238371,9.37815661562628,11.0985538614345,10.6484291817461,11.0115690618849,11.1075904701094,10.3066380467307,9.45931358546287,9.93074543775851,10.5226352014872,10.4956930270355,11.5481105519123,10.5832387186201,10.8306038267957,11.1949776557543,10.7466506841903,11.2718384827582,11.5691113410301
14,"Florida",4,13.8565482791206,13.0481670249665,12.3275034986591,13.6622641328203,12.2438235496701,10.8656466281793,11.914965187079,11.5857397661361,11.244775800547,11.8374361580041,11.6358635209818,11.3653861946836,11.014615911767,10.2827820544225,10.5453744229535,11.0033242870511,9.73055687114575,10.023458509636,9.77162138105269,10.0845821003127,10.2723147318945,10.3156265972014,9.92805912263671,10.2607038102211,10.1244136822828,9.11459139471954,9.74397979427605,9.77226837995939,9.56832378629789,9.38399012479003,9.43439411256562,9.5599701291111,10.2476815520476,10.134494909996,10.3336380079062,11.954766446435,12.3460394379813,13.6725514848921,13.3398227829759,14.0160499728863,13.9519194815248,14.2388777308904,14.3958022456486,15.0586677167879,14.5799663062063,13.897801692573,15.8184109907543,15.5036665353944,15.3940508404403,15.3169643685875,14.6438035551702,14.8246309619639,14.9110212370079,14.129500441784,14.2799674996037,12.6841816655687,13.4768614756055,13.2009241630753,13.7095310538269,14.3570350930184,14.3422114431678,14.0327603726981,13.5041240574552,13.7130228180702,14.1373184391537,14.4981976886457,14.6436940184632,14.4738613550235,13.1139602484624,14.0577482080714,13.4146602306956,14.0158431158604,13.5719066447342,12.0587979909081,13.889941489727,13.1257384954802,14.8233876360145,15.0983311165857,15.4544051620772,14.7567704222788,15.5004440823803,15.4602764003457,14.9536699451273,15.7900063310481,11.5637257447498,15.0258556286488,14.8968755923866,13.0475091770842,15.1316192830785,16.1063287758284
21,"Illinois",5,15.0721933515915,14.0804059257648,14.1082411929814,15.77938640841,16.36743685626,15.4379954683834,16.7380405687061,16.3375415864238,16.2259250506192,16.6435539580505,15.9261546130299,15.4922640322165,14.2929601128328,14.2229531376585,15.0164062998118,15.7333498669111,15.1987403871842,16.0924610424796,15.5297487113709,14.3713190040913,14.1530267995812,13.7466638437239,12.9453133877029,14.0216222976222,12.247986694949,12.2870499919253,13.3311154073862,13.8206743832234,14.4179120240848,13.938176276225,12.5110829407121,12.0999555745478,12.7287771776647,11.9110331484665,13.0032861697903,13.9715562744503,12.7639809252013,14.3966629665085,14.4565330225074,15.0588218707287,14.6748626928819,14.1945321939069,14.5542831094484,14.966044657846,16.0745087642239,16.0452303072607,17.4143393867715,17.7079361883774,17.376089126503,17.6781335902765,16.4104034490556,16.7969083319414,16.0997904850432,15.4007645826524,16.0737901854749,15.5334920505918,16.5877984387085,16.0721844207342,16.9059763413872,17.1978608540209,16.8461681519939,16.8838055502882,15.96269766299,15.8109261187129,15.312566034442,15.9518767978818,14.0067084649332,15.6398921710122,15.4822850547581,16.485427615266,16.1844993349538,17.7248296843433,16.309677991577,15.1436251288408,16.3252862830253,14.7123701281795,15.4294629613264,15.899298901354,15.7680163079458,14.7042566731908,15.830264332421,16.3564760476956,16.5816958708738,18.4681518671919,17.1760365020109,17.3334973166132,16.3564957684328,14.4307839193175,15.7810706761646,15.818807805862
47,"Pennsylvania",6,13.4334104435943,13.7170907765395,13.5877557484129,14.4698159982568,13.9849775486695,13.6990960911433,15.7445619688389,14.5639878038621,14.5226103552783,15.6142461110994,14.5638282905567,14.2070849576596,13.315984553052,13.1523513924857,13.6781283116962,14.1610565613989,14.1386958349362,15.0899391633333,14.8167710879794,13.3415729268894,13.5217861084029,13.2734443474533,13.2231832449775,14.4556447184509,12.8607326877302,12.5415486939314,13.3418236321551,13.4451050598501,14.5146045082445,14.2568095192748,13.6516364856659,13.5248117458895,13.9818374871039,13.0458589513922,14.3439871095014,15.3002731653692,14.3025080682613,15.4080750505696,14.5047222737543,14.1109860197792,15.0063295267597,13.6207717049642,14.1042113504223,15.3170949245771,15.9331642277956,16.1555127175324,17.1735294029317,17.1145138595416,16.6957734404827,17.1550594828885,15.9733416496652,15.7398608970111,15.6693920687487,15.0001406521942,14.5786492350167,14.8714569226925,15.9933064051866,16.4796663435032,16.9411470079121,16.7031750459084,16.654148637719,16.5622891018771,15.4439341615101,15.8710221620373,14.7916274438555,16.1463346512968,15.8057767524053,15.0548943649394,14.3289395663928,15.1754276170568,14.8602757745245,16.3796947565229,15.0673265128396,13.880959781525,15.8082188910186,15.2484726364345,15.4087599367567,15.5673642906356,14.6763592324766,13.8508817574577,14.9792492443349,15.2709141070451,14.9085306535352,16.6551501041044,15.1513750935237,15.0989885281633,15.2135467817708,14.7326577777152,14.6325308687863,15.194080178574
44,"Ohio",7,13.2365249252716,13.7879186126641,12.877078921568,13.6835223326815,14.0871539103279,13.9070521584322,15.9791809068057,14.9348158695866,14.8354733612726,15.8738522846921,14.7587672172789,14.5195796375099,13.7143442502521,13.0925373431528,13.1877885840047,13.56456894058,13.4936358911704,14.5527453525781,14.0823819556237,13.4322677963684,13.5384795047341,13.62533486804,12.7377767657863,13.5870518086232,12.3974993585244,12.1523178939645,12.661680684286,12.8381567420393,14.1109490227389,13.913993571777,13.1501033578814,13.295010307486,13.6596328226816,13.1569009528365,14.0499876853135,15.0558735866329,14.0102115419037,14.1320808518128,14.6180503414905,14.4443291461915,14.6405621107974,13.866028239071,13.2937868199147,14.3189039534985,14.6819790850701,14.5232925184341,15.9306876054491,16.2328907794055,15.6657107853288,16.0359290292475,14.5052958490238,15.2349658609737,14.7685108011035,13.9232626907448,13.7749854681373,13.3327206284781,14.6937944788818,14.6571622593301,14.9831066521709,15.1874792659093,15.2757641686218,15.1549469403204,14.4169396490276,14.1821926041371,13.5766220008018,14.1039669470142,13.5349831061486,13.0324387112057,12.2808825574192,13.4942911358017,13.0804366193246,14.5409898823856,13.3792263754456,12.2804404155216,14.4466764385321,13.934207253522,13.9740637154209,14.1125351337266,12.9740136930521,12.0717338708051,12.6662589184652,13.0868589921003,13.1633820924736,14.8785891061107,13.714035207481,14.6103593253957,14.3862319491937,13.2437897730252,13.4220068583237,13.6175329901079
30,"Michigan",8,12.5446387137149,12.3539228235019,12.3920303449018,14.1676609647623,13.6629541713959,13.7867229826468,14.270023875901,13.6261619540852,12.2446467850913,12.629547255209,11.6529086577205,11.0340672208712,11.2074146352623,11.1107200800069,11.2941089889613,12.7967579224568,11.9466978722611,12.9118298174353,12.1660476245154,11.4067671683787,11.553116157852,11.0004358512242,9.94120415023829,10.9321456017266,9.57214510634777,9.38867047792802,10.7683305671586,11.5347791336331,12.1998685450477,12.0579228514129,11.2303300160331,11.0942134251446,11.5393926765377,11.3149059939333,12.1574802292141,13.3503458271402,12.4995469416331,13.8128982903012,13.4669403943294,13.3361882591727,13.5147705827817,13.0285433802078,12.6804626847265,13.4254464188294,13.8288830870387,14.1335736825859,15.6844488327977,15.8657099625978,14.2218255774262,14.5607407393497,13.7800824654826,13.473825576846,13.4848592860692,12.3658686353903,13.1918927287376,13.026604560584,14.4683925248664,15.2482921184351,15.3899615000873,15.0569966340754,14.938433153889,14.5260979045763,13.588389106305,13.273826505755,12.9164878909233,13.5013456156858,13.3368744190235,12.6313710410553,12.5697077887876,13.8271896792768,13.500047455998,14.9759215454221,13.37999666832,12.3560813557144,13.374543562855,12.0056492102559,12.477325040155,12.6566405445846,11.6572532641438,11.4815799629921,12.7085651683795,13.0016247570411,13.2851627685891,15.0031548109874,14.0054054164621,14.0840233645212,13.3524808037373,11.485743463655,12.1756366750346,12.1528162527615
16,"Georgia",9,12.8658015156277,12.6977143092007,12.8264255655341,13.9200751972558,13.4990884497514,14.1172900462334,14.6422022276921,14.1827426146195,12.9741574319083,13.4379661183773,12.7132171656708,12.6718169014405,11.9360676261639,11.4449831914171,12.294249710419,12.5878231667191,11.8425981248472,11.7372325587664,11.3111056210235,10.0889092231965,10.6468245051033,9.21443184608101,9.70544384428192,9.59388413479121,9.02394940008964,9.14831344717112,9.72696735687698,9.83477974072114,10.5655442566287,10.1014140681202,10.0020869727046,9.67005427111406,10.3171376553877,9.39818314120603,10.2002312226817,11.2836850292875,10.8553598894502,11.4488140573056,11.3576839904953,11.2657948215776,11.3095050039537,11.5039943639712,11.2905447858877,11.9046313614294,12.3117403585509,12.4792790489372,13.1658385526341,13.6530796118157,13.2881628979243,13.0412186319348,12.1646433262605,12.339433351405,12.4110782384381,11.5992768824444,11.2899913160521,11.6201169072971,11.7981086779132,12.1707530269176,12.6717072921208,12.4021198103945,12.1950306457571,12.3196369568667,11.4403581558663,11.7211144488102,11.6127139879087,11.7403359663874,11.8498543575547,11.7413258431675,11.1905638163696,12.1452130970769,12.0044868640911,13.1527993595998,12.4318985206199,11.5681436104729,11.9089893282974,11.4649114317202,11.4174533867724,11.6596023944374,11.6950864693104,11.1019304353272,11.9553309359012,12.6339673914338,12.8826901271016,13.7671388762183,11.5951639441979,12.3850906616328,12.1970794349177,10.7452979442489,11.0140690849482,11.7401522665546
36,"North Carolina",10,11.6796548503335,11.3348897476382,10.8342975098114,11.7937838778091,12.2252200119381,12.3503398408042,13.1166003678,12.2876386903142,11.6939852983352,12.2788135692885,11.7952018742547,10.9865478543226,10.8173034222008,10.3973031595742,10.7224298227262,10.8735478167312,10.4849302702182,10.9477735312144,10.5679402100504,9.93335408573946,10.2244680559205,10.7788436998762,9.9934327294586,10.7138372736503,9.92169792843786,9.99998708119885,10.2355090685732,10.275080748577,11.1719405845239,10.7984451764388,10.4084191695065,10.3184496593502,10.8101298917426,10.3797420526748,10.6949633027334,12.0199669391932,11.2008254969082,11.7621088688827,11.3971804932986,11.4246738467871,11.7600829262502,11.5573623209865,11.5032293618891,12.0917674503429,12.4708594576176,12.5301882530265,13.4829468216279,12.9252824100565,12.5356508370797,12.4371629471665,11.5934014942995,11.7134176782431,11.797171536894,10.6076549802625,11.2788004803886,10.1880085258495,11.4783274172695,11.4959208352509,12.0459168127826,12.31693925408,11.9471063717811,11.3537251490021,11.2238334388191,11.4120929152931,10.4522561111551,11.0614485345224,10.6196795611014,10.7372475598062,9.9466699472325,10.6619162382115,10.682675880309,11.9418522322656,10.6858106725185,9.85430630154111,11.3072792624072,10.9020013057165,10.4982104825833,10.7426777647052,10.4093667824694,10.0749914001834,10.528358544502,10.874259203592,10.9101657681565,12.120657444331,10.7112397808141,12.2450934274921,11.9559317774664,10.9261053511223,11.0329133501692,11.4951650918483
40,"New Jersey",11,12.7938842004158,13.1088823953982,13.1734512429439,12.9741740906912,12.7240304407309,12.8975404162901,13.9836562923671,14.0693045855464,14.1912506095973,14.7260061365954,13.9298117069788,13.2817926368124,12.4613937397579,12.1906018126755,12.8696474068239,12.8024089238109,12.6007562088022,13.3035527851687,13.4492369640976,11.584468908408,11.8413573607951,11.8986277120884,11.2314146068986,12.439125914966,10.7901397800445,9.90428135085611,9.17588362644261,11.3006594376654,11.6053620936345,11.1925650531913,10.6423781999675,10.3260971657106,10.3440819344319,9.56795435152414,10.5677963511158,11.9178270229395,11.3791764978995,12.2526742465377,12.3168325497946,11.7023359258853,11.7848130170545,11.4378148900384,11.9342953502406,12.6038868022723,13.5383826974174,13.6054287191001,14.7927526860299,15.1040766974743,14.7137365844871,14.8380552860006,13.5838365175798,13.3439374585311,13.1072725580855,12.6916903647818,12.4695933467992,12.9058816895423,13.9483795131662,14.3058758855419,14.8002090033682,15.0658827367412,14.641367428526,15.0586833988289,14.5997765259058,14.686568883295,14.3165375303255,14.857834402436,14.5593265218532,14.3326599305881,12.9827183435804,13.9521928231421,13.5864869452596,14.5998008778192,13.9506540024167,12.861610241014,14.3212348503458,14.3444546281567,14.8436998292607,14.9718439531305,13.9708678088694,13.1268691668513,14.1976639880774,14.1365553590316,14.2155640646066,15.4598316575417,14.2199436400031,14.8480868400543,15.1347958225903,14.2891516588851,15.2178921308591,15.326714142132
56,"Virginia",12,12.9724512001651,12.7952598372446,13.5015989198399,14.2996141662357,14.8788636633451,14.598229688461,14.7740215466874,13.4743134525047,11.8393702406407,12.6934182896355,12.3305487289322,11.3134887441309,11.4909891484592,11.5110960618401,11.9400694804195,12.8094079599229,12.2709147161028,13.0339306276241,11.8749420291584,11.3815067620178,11.171977740638,10.7930072807513,10.4874369699533,11.3643772027056,10.4651100653324,9.86717764936093,11.4640505592637,11.5775728254124,12.4995119134895,12.4366990120694,11.8230253306074,10.7853368221579,11.5912109848519,11.0832587312568,11.8611717849244,12.977148322286,12.2032644927285,13.2834739060165,13.0059266460043,13.213751815892,12.9095371861679,12.7721068520679,12.335829131161,13.2289639353358,14.8244877635814,14.6981168869806,15.4078153145412,15.8799081685623,14.9314889385526,15.5251680439198,14.0711161544789,13.8184163684442,14.3272996618942,13.3602630327374,13.4910129478886,13.8543681860903,14.8210440245602,15.0767328399156,15.3435930082101,15.5846036811113,15.1142381685589,14.957970968415,14.3504051075196,14.3680286919896,13.4620006579567,12.9577847173462,14.2068986600324,14.7269601880196,13.6839285895011,15.115407299427,14.5371374750099,15.6505913276473,14.5234622765529,13.5871086974524,14.2533455628849,13.6948039702739,13.4506561623411,14.2020873877945,14.0977490234086,13.4496148413687,14.5470689155062,14.9004912280574,14.3668710844808,15.6972985332861,14.6930165672413,14.8593588926119,13.7926978126654,12.7017049531962,13.1006220753002,13.8047631690039
59,"Washington",13,14.790243182367,14.0232976682189,13.8074595162901,15.3361723444635,15.990443190015,15.3353490400188,16.4682107011997,16.2859727256766,15.5808791443896,16.1990035418406,14.9694138763428,13.9346880441534,13.4387367347392,13.4660660394202,13.1164741771058,13.2210376494504,12.8570609777461,13.5118931696603,12.0466726593523,11.3007254437062,11.6274090503553,10.878702556516,10.2799780377006,10.7103978392901,9.27486868343942,9.16916184064804,9.31010284649813,10.0243243924208,10.2106561667493,10.5029351305324,10.4492207280411,9.94032197932407,10.9107697899864,10.1979022912174,10.7893139341322,12.1075300131758,11.1012997268899,12.164611505559,11.6591851917523,11.6723925568567,13.1113629795562,12.1056877985888,11.7704733074827,12.2318229836377,11.4023090756686,12.2479263159964,12.5555125867981,13.653918693122,12.5697906926145,12.8219581803354,11.6168527869509,11.331539558996,12.1252219323998,11.5304958064793,11.0381125655886,10.2604173406688,10.9641701600292,10.4488249725282,11.2706176106793,11.453636147429,10.9065969235667,10.6009469229982,10.3246844867552,9.7794531878711,9.21429846117052,9.56338369640888,8.77429671939194,8.83665422121474,8.95920836832415,9.63437532075472,10.0502814720095,11.3706943891742,9.43180756565268,7.81082248470367,10.0805015052486,9.28004030711961,8.17672089906353,7.90080543457432,7.37145879573014,6.8976510054067,8.02406319206558,8.74191189694924,8.70693643810163,11.0346958593132,9.76377191414897,10.6782766604663,10.2779099487148,9.18403156957022,8.74803689912554,8.66677684475779
26,"Massachusetts",14,14.8567215959891,14.1527089751931,13.7274298392885,15.5569626624713,15.0001534481916,15.2110418591345,17.8908187208351,17.4094923891485,17.5354171363585,18.5072989231469,16.2575064601888,15.7895557206085,15.1372820126398,14.7223444875526,14.1842349373123,14.8104411574066,15.2057477455637,16.3565450221991,15.2589278638655,14.9320829868726,14.4571944524314,13.3777856428481,13.048101687942,13.9051295003988,12.5776538345435,11.3957047029345,12.7471343833446,12.4442237752038,13.6688570730869,12.6470703393032,11.9179204919677,12.0391256302845,12.9558746428366,12.260709499128,13.8677391252547,14.6279261049442,13.8545705072918,14.5475207150635,14.1580739671623,13.9664732286792,14.0125732498075,13.4059072018419,13.4518937397703,13.6188524014163,14.6581044669961,14.9144684553073,15.7963391912693,16.2914071171467,16.6259090237054,15.4576275428105,13.733472128278,13.575755063288,13.7983965650883,11.5119447259156,11.9385549677776,12.7365806755414,13.3672693173312,13.5719547915304,14.5033800167181,15.0779408169542,14.4102892222045,14.9730474911059,14.2899123078814,14.3884606567507,13.7937321996091,14.3520262820732,13.4544396153699,12.1966064126268,11.4209761015931,12.3724510877811,12.4894914948371,13.8704829079034,10.7174466171316,12.7143575038662,14.2511825003959,13.6885981791282,14.414515612543,13.3223300545783,12.3238221972258,11.1207025139632,12.1182148685603,12.3748596822065,13.2104249587519,14.4633998236022,13.8392213178802,13.6933662727234,14.2028238909716,12.737361800564,12.8851385434185,13.6525396989679
22,"Indiana",15,11.8510917414613,11.5164315991186,11.4246045450298,13.3743326734813,13.6616503312852,12.0633378065802,14.0951776331551,13.5083930931034,13.2412669732998,14.2742412259112,12.9315051766723,12.9058937070606,11.7068461228119,11.9449421420514,12.2068332951406,13.3600735746133,12.5496657198494,13.9214562320554,13.9355458905433,12.8402658738191,13.7043373388737,13.0233764432532,13.3509555557932,12.9932177405622,11.7868660899974,11.9895511366603,12.0963888569264,12.4616086499954,13.7242735884292,13.2925656031039,13.1684264351665,12.6950417473813,12.8569186545726,12.4751284138647,13.4011066556059,14.3891354193919,13.6250693858439,14.2974468322541,14.1052849761715,14.1565071562264,13.2224948738745,13.5174888803625,13.3964297347886,14.3346586856644,14.5838010307962,14.3736412043067,15.1857650255759,16.14325894155,15.4548112666749,15.3139961944304,14.606909066614,14.3925120018398,14.240150499893,13.9244209703938,14.1444030506868,14.0443570280008,14.5722524392596,15.0789014914001,15.5363606110828,15.2201195673282,15.461514442627,15.5132105836066,14.165888317056,14.0635944037111,13.5655781105641,14.6752394729059,13.9048138812271,12.8704907854295,12.4821020650045,13.5858016001767,13.7890495587248,15.2887875728171,14.4003617605012,13.4554942960146,15.5470826479501,14.2883180736619,14.7451234272191,14.9756278390945,13.8418608133005,13.7989335481662,14.5955634409108,14.6595152120622,14.5846209919107,15.9936172264877,15.2853810270706,15.5903263423318,15.5178683275774,13.827941759377,14.4807833804197,13.9417491857568
8,"Arizona",16,19.7237418374063,19.4173525999156,18.0584210260723,20.5924894346628,18.501851633031,16.5579314068414,16.9746007424884,15.3669876729358,13.9601493823938,13.437649373677,13.0850122405298,12.3248818885779,11.1314022893004,10.8751813955249,10.9415842151149,12.6421336528733,10.379895362411,10.457121646736,9.8656432882233,9.80135821114209,10.7603842324078,10.8680510394089,11.1875768666879,12.10822838662,11.0057926141716,11.2815378560427,12.8287676628411,13.5855700086966,13.5488708987559,13.1608258470071,12.6156194176844,12.2437716702068,12.9566709327728,13.244843050959,13.9488803781107,16.195029464488,16.0898756977793,17.4999119971619,17.775224115323,16.5193078363265,18.2670881298695,18.830274690886,18.9909071442511,19.6164734528892,19.2700673088954,18.2426339748228,18.9819216655703,18.1249661773281,17.185330433666,16.7632974174628,15.9298586755067,15.7718048779499,16.5042290375933,16.9817286361288,16.4164536131911,16.7428172630082,16.5051816771696,16.1738624794957,16.5818405208596,16.5611400247098,16.5160956688335,16.3850894308022,15.7307299323593,15.7525983621331,16.6732677934877,17.5610070091616,18.3767809157816,17.5376713730412,16.9959185691748,17.5436867132627,17.2863595422487,17.6854627589711,16.4229147838026,15.8780803332983,16.6880117693747,15.7143065804876,16.188232551993,16.5220345137097,16.9277314910187,16.6945151856861,17.5497757488421,17.9646515156797,17.2874798699938,18.5126973447985,16.9378896586828,17.0400922900196,17.3154465251911,14.6847412628963,16.0193846551565,15.333859497566
53,"Tennessee",17,12.9588879015695,13.0042229623429,11.8988081186503,12.5694171730683,12.0704716238124,12.1461604371879,12.9390461716849,12.6317126628663,11.9454444757675,12.7835960376147,11.8495906517173,11.8956699580243,11.17580080804,10.6337926326543,10.6046507821548,11.5674307686011,11.5060942187389,11.8611391071921,11.7362643836232,11.0726121687907,11.9747592921482,11.3366560768539,11.1768283706244,11.9292612608381,11.0715774871977,10.3331790268502,11.129896872689,11.042504311666,11.9937795552301,11.7585769336854,11.1552789976863,11.2262262959281,11.5783808134845,11.3166307269584,11.6450898153659,12.3518292578227,11.390254783622,12.4414952331564,11.8711557760195,11.6328566142198,11.8432077422728,11.5063617096221,11.4488042906502,12.1064949560443,12.3230249392283,12.3882912459969,13.1503122561568,13.2688716107931,11.9291342644392,12.6987971558156,11.7438888014281,11.7992066748641,11.7586266063628,10.5108215717958,11.2679361791006,10.0475930188451,11.1321352920048,11.6258207395456,11.8972977532013,11.9446957207841,12.1944047218465,11.3777142910758,11.5059485802046,11.7275673662681,11.0533928952945,11.7417926484161,11.6012221321149,11.0485119249826,10.3744479072284,10.5359531844345,10.692225194381,11.8726761653331,11.1950916321459,9.85868063791772,11.4823042446186,11.1326657200507,11.1006191682514,11.4739459436721,10.7859888036732,10.9204447739302,11.4959576915798,11.8920528503371,11.8506041381428,13.2266069557634,11.3290766279237,12.8640588389429,12.9429987132939,11.828640565876,12.0914143679884,12.6474673301048
32,"Missouri",18,14.6296596830322,14.5644566180302,13.6854195503331,15.2485953710072,15.0739777487962,14.0318930634906,15.4979896432451,15.2148607543154,15.0092315356963,15.2576391225447,14.3197315830967,14.1644615887335,13.1698287680953,12.4666073475519,12.7201929011381,13.1359648023846,12.5738093192689,13.2604308142968,13.2493776954055,12.2974339239474,12.5086506466892,12.3177998248682,11.9920734061623,12.9746096760816,11.3595467664279,11.3251170863822,11.8632281224356,12.4661001011025,13.3645776937252,12.3828636226046,11.5983769376757,11.9299627458853,12.324604683229,12.2199783781054,13.0758047471868,13.9099706050566,12.7230084673831,13.6670502090982,13.3446729331094,12.7010044944618,12.8507929721752,12.5818036262704,12.4032619252175,13.1564414249245,13.3461711542624,13.4669674503476,14.521973404861,14.4650194928302,13.7797986043143,13.9050031697138,12.9847360405996,12.8829543923696,13.1470503772292,12.6038138987246,12.8730713298332,12.8837055682754,13.6794637876441,13.0912436072957,13.6636287169042,13.5690820574261,13.3691128416533,13.3111157787522,13.2206168634469,13.029305211462,12.2890232694673,12.8223357002779,12.6489945298309,11.6450200231662,11.5000613348548,12.5357841237692,11.7720086909676,13.3391172563616,12.8380483497084,11.7380454262856,13.198829533617,12.2960960162225,12.773380258183,13.4221661023015,12.3987067136221,11.0415977305556,11.7395950190462,12.6512159180306,12.3537069960021,13.8103539586934,12.5541110761594,13.1938871495531,12.9017553944092,12.0408132162588,12.1420097785288,12.4464281477292
27,"Maryland",19,15.4885745870518,14.6219874530017,14.9324880620952,16.6051109078999,16.3907525387249,16.2792334837214,17.4670481239178,15.0414700716312,15.0724035100763,15.0767353582226,14.1396814083534,13.5669525509308,12.6538928649857,12.9107701177251,13.5107484773835,13.5246652631188,13.5080799910696,13.8670016829653,13.57275372156,12.3491664928724,12.2116183307774,12.1320615998531,10.9817163925327,12.5873483741837,11.2476271258463,10.3206115611312,12.3224757615095,12.0825034774726,12.3112055755337,12.7339108322702,12.5219282382011,12.1113435020161,12.1540731268407,12.2308394488318,12.9317999942094,13.9845634451152,13.3400939325807,14.4951450625178,14.9337815339805,14.1629888908245,14.8845327770315,14.4047919949227,13.5960411761968,16.4893354928125,16.3762700579785,16.6057893698819,17.6857054380242,18.2711104131783,17.0500505370302,17.8627127017985,16.9279473290462,16.9848224587294,16.8375919869748,15.8309396381583,15.4950656817887,15.7828311378826,16.7905726264452,16.9517673059797,17.7005012686274,17.9852669471552,17.7691932991851,17.9217912610965,17.0154228201238,16.9707240229146,16.0612004384508,16.7275837645857,16.7828386509118,16.1432935043693,15.337910282127,16.2918330018702,16.6676785091278,17.3414527251872,16.1291193257619,15.5237542815792,16.0542306298225,15.2914394779866,15.7910349267255,16.0823095311404,15.4797970046444,14.9609739554912,16.8177534628538,16.9948552630474,17.1545181850347,17.9281177441776,16.8562030999972,16.8557221081476,14.7931402316174,14.9996700890983,14.8418375085794,15.8634602391734
60,"Wisconsin",20,12.4474777663299,11.4167491814269,11.8506862287161,13.0326479734768,12.919031645899,12.1055961251829,13.0186466717225,13.1492549512332,12.6135604020441,13.3116061209049,12.3976979891399,12.1809530928584,10.9768936455837,10.7861877516242,11.2648046911756,11.7207392444791,11.3577638816807,12.0073450677174,11.8192119628276,10.7135970262635,11.0975498185908,10.532744423259,10.0528825351161,10.8010370595719,9.13278060479716,9.50540329386597,9.83771364274094,10.133548594006,11.247487459382,11.1235842382586,10.357519433294,9.94425895333289,10.6248700504375,10.6518762031988,11.1518043239852,12.2376641038327,11.0307126550781,11.9745648490344,11.5339192745298,11.5046090118275,11.5638198367801,11.2363301812534,10.8845877303723,11.3809053632303,12.2718102006338,12.2004865753413,13.4254126473076,13.8289256717799,12.7138375131677,12.6761230198102,11.35506399294,11.1714588078554,11.3436297660263,11.1085333575969,11.4942036682775,10.4395116762744,11.4463275447104,11.4469616091718,12.312631925749,12.407084632431,11.8942617271254,11.57775154149,10.8360412530649,11.1705801056478,10.8716458992971,10.9890400314453,10.3537247644121,10.2705298546789,10.1655248234819,11.0111447461228,10.4868631585362,12.0315754632335,10.72638345579,10.0529228411441,11.6866174525601,10.5873967731313,10.5913714972346,10.7767637798959,10.1567815543405,9.49058794250422,10.1692312294734,10.6721603302523,10.7085239146458,12.4686117334008,11.1902217485772,11.78600477685,11.0740038033297,10.0038613407334,9.70154225553232,9.37030783647099
31,"Minnesota",21,16.1880636760816,15.7299406232393,15.7359691811037,17.5412793466687,18.1865535381466,16.8383794690584,17.7218989373203,17.8334387437421,15.8934857699402,17.0329569286439,16.1041471919754,15.3606502195994,14.0064970297706,13.5880340860624,14.5810898762172,14.7939890456001,15.0064585097989,15.6752386365561,14.0489040238866,13.4270551325842,14.3046567009492,12.570335878271,12.1997613264391,12.8713669627017,11.08763080086,10.0858715730133,12.2174776929325,13.1136164196351,14.3424314730897,13.8569551571516,12.8914698281064,11.291925738153,13.350307644662,12.491957530871,13.3227598540786,14.5122231814923,13.8254824430447,15.0983473815163,14.4610835798343,14.5528331225952,14.292850666125,13.4108521177908,13.4892401574722,14.3354292053011,14.2731146553149,15.8443907550005,16.587389916883,17.4172584048417,14.7212042538515,16.4221265302141,14.101176198981,13.6895964946651,13.7720106564432,13.8710424743542,14.0900871145585,12.9979554433555,13.9931703033595,13.7850394699955,15.0291790149831,15.5815708256662,15.116267257342,14.6379665136129,13.9368299523949,13.8408510981225,12.9518263626674,13.4704952300373,13.0455865002038,12.4526382247665,12.4237154266403,13.7382242924971,13.1743262323953,15.0982060430563,13.7000323962865,12.658597100481,14.1814491453097,12.7027613658683,12.162477776669,12.4554904623594,12.5643569244345,11.5443464865289,12.8571026650485,13.338937712135,13.4478916584533,15.0239705988248,14.4477710514318,14.4301886512189,12.9941251741154,11.7303759185346,11.7742725199456,12.2289547406489
10,"Colorado",22,15.2849173691671,15.0004037496515,14.7316342002008,15.1059572391354,15.6550777753202,15.0728477714208,16.4507913845652,16.2888603535735,15.0264298662618,15.0230624318895,13.7548298935214,12.2165881466569,11.2199672507701,11.5912043892918,11.6165812798243,12.3538479873857,12.4858259196647,12.3537231939496,11.5144781376234,11.6729162824153,11.4847916436936,11.2250177728437,10.2275941355258,10.7289503137841,9.75560262764878,9.91106117230502,11.2886374925725,11.3616094416534,12.2460445687419,11.9447051311574,10.8567312177641,10.3472201576263,11.7441623776528,11.4239304403975,12.0327357181507,13.3016011657482,12.2652415765877,13.4376062505991,13.4181166092099,12.4240480225095,13.1444400422423,12.8744879030392,12.3356054789214,12.3448671921722,12.1184711818684,11.8803614557053,12.8695250631803,13.4870140124675,11.8129323818644,12.0538043563692,10.987045104196,11.4302632914523,11.5953867538797,11.0837699371714,11.0296463899863,9.41282695263929,9.1347148563881,9.17605078064235,10.4126340791336,11.4758990366848,11.3034808519811,12.0517757215096,10.4232471831751,10.9486360378419,10.0247478555613,10.558036934698,10.0272214865195,9.50742568247176,9.62035086173955,10.6369586878631,10.2595938401984,11.582595104238,9.4037171986995,7.75174212975609,10.8681203477562,10.4110814269303,9.58237238013717,10.3957536748869,10.1562061879155,9.59662634212034,11.2089391887611,12.8643368650143,13.7360485910761,15.3490712526474,14.6960650362839,13.5538929273976,11.6276788286989,10.7547750129313,10.2090747969727,10.439740342394
4,"Alabama",23,11.9752578192279,11.9082547042205,11.621939536741,11.9964879918518,11.535926192868,11.4071869036843,12.3855962841281,11.8876666056252,10.9480253943371,11.6941967634683,11.0023139288479,11.1184538815038,10.5397291051209,10.636685759075,11.177542295855,11.5175714833545,10.2560181184638,10.5119210642183,10.2888664499518,9.52689050928309,10.6720607097642,10.3376730387185,10.301983547041,10.3032329321739,10.4108750062678,9.96191185920474,10.4143232070104,10.7484057208507,11.5806068427745,11.1797595007281,10.6923960042405,10.6259620812554,10.5564307904437,10.2477336476843,10.52112876841,11.5081789843181,10.3799303802334,11.6453689973791,10.7827370025692,11.0933901209388,10.8080032335193,11.369967686833,10.8144214425946,11.0403415438315,11.5967887383622,11.8612395757824,12.6003386758493,12.7079036221085,11.7045822129514,11.8745246566607,11.271236688013,11.6674449161762,12.2160074372026,10.9719323476337,11.6554796856478,11.5743794792373,12.1519665240577,12.657909983064,13.2507887201789,12.6644404286972,12.6733466072505,12.3881360269358,11.842057542382,11.9090771291094,11.9398225531072,12.2333067056512,12.1817187908728,12.0277029725142,11.7395022503506,12.3583635901922,11.6489911200989,13.2512104902157,12.7616444412379,11.7571982936691,12.7905558504272,12.3382507597849,12.5314746221232,12.6393572550219,12.5672083674375,12.1116522112496,12.8296458573563,12.4093067788583,12.9687588269487,13.738194483607,12.264172111176,12.5174366923046,12.7691077267652,11.4899697301927,12.5878345130128,12.4378336904159
51,"South Carolina",24,11.8339598354135,11.1253888487329,11.3309783625715,12.2508097921219,11.6493243745409,11.584151376569,12.0837074050443,11.7028831033415,10.9855922167153,11.6948151130419,11.5160054759282,11.1696802917546,10.7091697390765,10.4805943850918,10.7099252707613,10.5905052725696,10.4117955555842,11.1133797498744,10.6447475492264,10.4431559315621,11.0442865479148,11.0235691056071,10.4199317973343,11.3631841873726,10.0215780225108,10.0716083840338,10.4354607040954,10.7826040903619,11.4655146123117,10.9048386702615,11.1499128538281,10.736865690741,10.6401192385867,10.6196809959024,10.631687354574,11.59461164241,11.2852647763667,11.8524161036983,11.8015026266666,11.6277735876865,11.7889002948561,11.6972852199868,11.745901668625,12.3206625279118,12.5132784290986,11.8172538364414,12.9563813187232,12.8582107514039,12.2994572963567,12.6343745984215,11.6120962425205,12.0479521512227,12.1080167804574,11.099687580896,11.5037621723592,10.8311728136916,12.1832428534455,12.3482317825018,12.2710776055801,12.4433231128192,11.958634792927,11.941936897289,11.3188491896578,12.2484759571588,12.1230376961279,11.7769807573641,11.9605860247752,11.7827660328555,11.1476231363717,12.4512654370237,12.321442234258,13.4423663683741,12.6833717394099,11.0806946177117,12.9190939936064,11.9919176163564,11.7682688445441,12.2717043484204,12.5617955167181,12.0311021574991,12.755195720324,12.7329128275417,12.8173624680761,13.6470011659915,12.2484937869568,13.9868139742479,13.179820089979,12.0265172993861,12.5618612249774,13.2825604904983
25,"Louisiana",25,10.8589125975919,10.3442389025388,10.8363634105092,12.2161007884592,11.2481857216928,11.1944993461625,10.9240267713434,10.993767695314,9.67537352575729,10.8884237401107,10.1166125701475,10.5109768502394,10.2367475929692,9.71460838927104,9.98741564853602,10.952463191443,9.86945217380039,10.0357743920328,10.1124212145783,9.39107794863832,10.665058725512,10.7899282712,10.5595786381346,10.6239472323291,9.64073006640423,10.4859340381675,10.8001115870419,10.6256314896726,10.3099690388233,11.0756079441485,10.7900257475268,11.1800772906348,11.3013983159856,11.0090269748952,11.4446682103579,12.2833996720015,11.6042851678121,12.6109550594208,11.1241345260187,11.9121263923358,12.2289891823211,11.8661055604913,11.7878681435918,11.6984118169497,12.3615214241667,11.5993980890283,12.8298502475844,13.4756317399855,12.5735778160311,12.4719803218002,12.0127582818494,12.2763460569403,12.0509814619399,12.1862894987125,12.2570698032207,11.7170950486113,11.923084077137,11.7579160046533,12.2381151473159,12.5327757069384,12.5738260312207,13.2782175649702,12.2138656708653,12.442945542189,12.7252913257029,12.3953383159871,12.5300282510745,13.2354560058999,12.7872852166819,13.0743722580143,12.3133802598956,12.2010736949754,11.4879331980125,10.3100831849718,13.4566027745332,12.918976826933,14.1923748103522,13.4608318206372,14.89230625883,13.9104574516552,14.8906959507769,15.4854128736194,15.8704822629369,16.8780299918194,16.6232883824787,16.9050209277821,16.2115309912303,13.9718389910191,15.8240052368012,16.4752281574907
24,"Kentucky",26,12.4804434532653,11.9683511167748,11.7179813079188,12.2263375158634,12.5461350188517,12.8708523714103,13.5483602036004,13.5576213845936,11.906786247752,13.4523111857132,13.1405875267492,12.5284256156226,11.6944716693155,11.0889771808438,11.7677977655716,12.1153759952464,11.8264224888813,12.307842749779,11.8570905924068,11.3987774391709,11.8848163113584,11.6873037077323,11.4473925209565,12.413495260006,11.248153585609,11.2429604589578,10.9932556752542,11.6487970754814,12.8434715492494,12.7981021056941,12.3439289503983,12.1049914124151,13.2963772042906,12.2938434300298,12.2259189410364,13.4742333518894,12.558087935436,13.0538912610407,13.3782921728089,12.7792844874866,12.6395863418498,12.1271369696869,12.5405771158959,13.3328054652839,13.8354436343501,13.5930267920432,14.6586478571479,15.1964656148083,14.2201299737181,14.7080101226662,12.769596367667,13.3113527947099,13.7488119623338,12.5654351108181,12.0604930558098,11.9755260104374,13.0027064555349,12.978112473223,13.5166537770137,13.0146585439725,13.0250474616733,13.1256602147177,12.3690669944586,12.7702520109272,11.2748061102553,12.0318948037985,11.7263543369094,11.1248210076336,10.4390964320311,11.7713946805333,11.3798430006946,12.7342434308511,11.9262213767215,10.7998060864808,13.1940168170278,12.3505300307438,12.8668226671616,12.8128075323202,12.3940483517988,11.474191296702,12.152283355256,12.0466593236549,12.1803123752439,13.5064946011743,12.5912106246698,13.7014588378942,13.444460889791,12.5237091092348,12.5080247741404,13.0030233137701
46,"Oregon",27,14.7446439864903,14.7308501868521,14.9892252644794,16.7280033549321,17.1383819641136,15.9951408515282,16.5380185433009,15.9426367365085,15.380667238584,15.6275869871468,14.2518604771326,14.0067049069338,12.635046856002,12.6064907667483,12.7718478936392,13.5198910754513,13.0875855956592,13.7515365726929,12.4069860571846,11.6204294967021,12.2650710903889,11.8627136324393,10.499170200852,11.5590973704385,10.082643951558,10.1485950872618,10.7673199721281,10.9706022054889,11.5323407532255,11.5199577345067,10.9532483532994,11.0178158191266,11.4931508369169,11.2031659887934,12.1299203750194,12.9615258887266,11.4030649835159,12.5680408520713,11.7033960342199,11.2602613107463,12.3392571797385,11.8991446985897,12.2763183310544,13.1158487924967,12.399605305508,12.9458533960977,14.2410016199745,14.702462614587,13.8142228950187,13.6455400420685,12.6393261597832,12.7653012801948,12.8608205311847,12.1015556247776,12.4492345922358,10.70741570766,10.6133616201785,10.9351691060585,10.8869955053425,11.5510914760227,11.5921577568606,11.2121076890626,10.8247524273346,11.1514324832541,10.3790426104151,10.8944036875808,9.86465584001671,9.94216947581704,10.3195801233608,10.8059982639645,10.7120423639314,11.786590672778,11.0550454013929,10.1234183107478,11.3069950259769,10.6353704105856,9.77491001719447,10.3040250973452,9.81961993250186,9.84026489989145,11.3786584698953,12.3689345568443,12.5570934499243,14.2823483427515,13.7142983519841,13.7513934867396,13.5288898513885,11.4516840077591,12.0985183249277,12.1004559766902
45,"Oklahoma",28,12.0086722524266,11.5937440533619,11.6903486667756,12.611044888143,12.2315138859273,10.9464623712034,12.9367818672113,12.8286910980735,11.8840734462925,14.1183367717805,13.2286889078834,12.5020316995627,11.738399087993,11.9614078396291,12.6268141950115,13.308845236595,11.9001099941764,12.8969487247467,11.9149218710372,11.4428492940918,12.9700448629054,12.2051508470307,12.1689928601151,11.7068315038824,12.1423150474536,11.9404845016576,12.2353709661353,12.2447131728502,12.4041599708163,12.8182766472305,12.578908898643,11.9766426525073,12.5207580590464,11.3749113064898,12.4885821286525,13.8918332980925,13.314754929988,13.953678095064,13.528503091515,12.8697732772774,13.6129345119085,13.2579865145955,13.3048815257264,14.1089253065501,14.0559364401049,13.6225515593694,14.805925838527,15.1122262843306,14.5391241266308,14.7376040171442,12.625818367345,14.2497556532367,14.5855743669348,12.7671614761731,12.8900619538308,11.8538740928365,11.9913355151988,12.6817363715741,13.1483274464762,13.7139522263252,13.3400185574073,13.8485113223488,13.3620537209207,13.5593537328188,13.3733876596891,14.2152125265304,13.7178392720539,13.0878170528313,13.0141669673236,13.1433117210495,12.8265552484643,14.2165631384663,12.4317666443271,10.7013133179449,14.3931628366664,13.69163371509,14.3887015103026,14.8759368507346,15.3179520499359,14.9338274627076,15.6088251622946,16.8002230114205,16.4277500478795,17.4616752949541,16.0521392559645,17.1214714637793,15.6871701794989,14.0791151160801,15.4789239432608,15.4745187992382
11,"Connecticut",29,13.1395260871383,13.487549258461,14.6610455027652,14.7080187966621,13.9528484098423,13.5230355046187,15.7069258580593,14.84370747933,15.0077218472483,16.1620481646108,15.296638251257,14.9227693623071,14.2075782407788,14.0530999946602,14.0746193689337,15.1458171539886,15.087446095749,15.5770406745534,15.8253976993062,13.9732072678555,13.6588887952458,13.7578881498992,13.0711827828454,13.8615568814224,13.2769272563494,12.0819862348792,13.6196026835554,13.8591109405657,14.3546743884272,13.2525967798158,13.3512156030386,12.9991781125019,13.0658833344463,12.8261173591558,13.9493103708596,14.9334976959307,13.0700988705409,15.9090773979791,14.7825215168037,14.943611622319,15.330761112705,14.2889716070404,14.4933005447879,14.7253384971872,17.0179241127277,16.0528035224377,17.2811765161987,17.4733664730071,16.699571595756,16.5027928891397,14.286303784805,14.5857774717779,14.5860102681216,14.083529537436,13.41242639343,14.8673296204971,15.7810737560983,16.1795934564877,17.1550510292174,16.4802496504936,16.8385318115741,15.8275691980001,15.7291340408322,16.0489740248578,15.8433169931173,16.3779881157334,15.8891566997574,16.0359544770582,15.027839601483,15.78006209424,15.2368877935343,16.5859553802869,15.269599930245,14.0936957353259,15.5913512855133,14.7480012755796,15.2263487633067,16.0259857091391,15.0741985365257,14.7157231833442,15.2100677032324,15.1985905177534,15.2764297917356,15.8616276621533,16.2918077476506,16.8899182127541,16.1531629233675,15.125278715879,15.0265848818467,16.1005616622644
19,"Iowa",30,11.9541542388919,11.720062309852,11.9911799497694,12.6473499802615,12.0267480217731,12.2671048903621,13.3813137913496,13.3090371264431,13.0734113319133,13.0355783961929,12.0781780720097,12.6872418827464,11.8445431675001,11.2296474353413,11.7434358020102,12.3064573386854,11.7709622961587,12.3968081836017,12.2475648983346,10.6947715672318,11.3831731917522,11.8189883492774,11.1666011512541,11.8139268437755,10.9303567407232,10.7135124310334,11.0296302917642,10.973848464839,11.7160406335289,10.7998370281245,10.4570883769716,10.6328188784658,10.7268587089354,10.7372629671435,11.9540801563668,12.8153631931183,12.0505196281234,12.4062126955875,12.0077194756543,11.5758216727427,12.4145969682393,11.2181437789414,10.8526525095661,12.0420076340318,12.2478041798002,12.8209003186116,13.5146332749726,13.6647940750198,12.8027623385377,13.468210927622,11.5310513285948,11.9263498337758,12.1304609444032,12.0115773776741,11.8596424196693,10.7241009313507,12.4818275348424,12.3106349391487,12.8119224020779,12.9598428055857,13.1364764797432,12.9645735804488,11.8062264726486,11.9700342197029,11.6344903510539,11.376903110333,12.2885306132336,11.300045541691,10.7028730829581,11.2596315508876,11.0992184215205,12.9841747708143,11.160740984065,9.78571904177198,12.3782598265441,11.5467051239193,12.2196943878203,12.0515491522717,11.7178535440654,10.70278882568,10.6201476809462,11.421048023624,11.0108197161536,12.4427381131583,10.8284653947679,12.2689839926531,11.9183264525122,11.4414945878058,11.8227448291237,11.978740636556
34,"Mississippi",31,10.810727246722,11.2149056846763,10.7538881943477,11.6491176999544,10.6184288441256,10.51745643026,12.1040458702242,11.2402044982487,10.2402060088797,11.4276774273078,11.1072519169273,10.5861760455313,9.90364940459765,9.81964287678052,10.3404375490417,10.5371440761491,9.72312975642093,10.3261069020787,10.1362356562123,9.21167684198961,10.929073759519,10.1911835135602,9.81342334578642,10.3872369759902,9.40098921104122,10.2018261852809,10.62750667571,10.0601051816926,11.145489960133,10.5308150268112,10.2948835672856,10.4438559871514,11.0600751595869,10.7365616614709,10.9373157963282,11.6333286788489,11.5050199546969,11.8078822798926,11.1375060501253,11.3518285706365,11.1386118418439,11.1918605559797,10.5986123708989,11.3205530893477,11.3548045726353,11.3230424341996,12.5521449170538,12.3513528163041,11.9988612367379,11.7992144430936,10.9786892565745,11.4411437514958,11.7765067045292,10.5793890030695,10.9995132323645,9.60595934264131,11.1537465817396,11.020674674362,11.6372097408125,11.8355476469749,11.7607224318294,11.5878543397994,10.8645226796125,11.766012246263,11.2395539450548,11.9868002263917,11.6661003874737,11.5509143376344,10.468596920283,11.3187186059704,11.1253333462677,11.9511581684261,11.1735262982614,10.0580552716963,11.4295227413796,11.263674411241,11.580216381215,12.0833474311517,11.9788581391037,11.5287982843552,12.0028525317158,12.0350120940638,11.8093496623695,12.8687278601513,12.0639223088568,12.1753601307241,12.5799937698994,10.7862261357512,11.8745278715829,12.3014328681143
6,"Arkansas",32,10.1260979809692,9.49898723036876,10.3446135378825,11.3450670000272,9.94783186634494,9.74001052704142,12.6209313736879,11.1277954384513,10.0133166020308,10.8938166146631,10.3142040957447,9.85153067452677,9.51697170167681,8.99551412282232,9.07610888655313,9.37138129792972,9.04221977384035,9.32271630661214,8.32334617402792,7.83241097908937,8.55130809149004,9.25694484553849,9.38095690043942,9.6615981500801,8.59580741973705,8.66643561325943,9.86618884229601,9.36113315477415,10.0913411561446,10.265352968234,9.65711823127971,9.92612376452655,9.9778614604591,10.5801097242004,10.7610836140477,11.1408251152622,11.3329561877344,12.0061716636149,11.0898361227208,10.6848726700555,11.1354184703532,10.7681230564096,9.95219378898055,11.8147181443743,11.6885632566605,9.95687455656939,11.5967109985003,12.044200837048,11.4494927680786,11.829248894377,10.846812661231,11.2779532834491,11.5779214007291,10.2522556805329,10.3386557881606,9.90558602411549,11.9358691955925,11.2500099953565,12.1585510134511,11.6579639046366,10.9576453448783,11.6015989738248,10.7817009749644,11.3702083527094,11.1734346577195,11.4365331256804,11.3086267771208,10.9905736296489,10.4999778508207,11.7032805635429,10.889553182422,12.2532531202817,10.8949705298891,10.4162207505295,11.2835384411384,11.0858781025924,11.6875850217061,11.3912837716859,11.8319208399426,11.0326147423296,11.2948656771589,12.0948834360546,11.1358500824264,12.4925170766578,12.0112191647204,11.8780497895292,11.6105006310396,10.5578379743268,11.3619911939182,11.2362785001848
23,"Kansas",33,14.0082311994136,13.926072524546,13.294998446467,14.4027932189641,14.3058593961172,13.3846680934742,15.2224974774546,15.3692239720574,14.9661373637027,15.9012176262925,14.692855882214,14.1704454364541,13.6875099005548,13.4362706932248,13.2204755591455,13.8685472576741,14.0009586154958,14.6863233577698,14.0929359805016,13.2902707918347,13.3981558388202,13.2886726810393,12.4681630374519,13.5713778214529,12.1833331074368,12.2061771247286,12.4906968631516,12.7819211841327,13.6637576912053,12.8966333750676,12.4984128952001,12.2830707359019,13.4412499153965,13.0041948477437,13.8443064768062,14.4969096391798,13.2198542994983,14.6056772905847,14.0026141143532,13.7705108167527,14.0680609245605,13.3704488325602,13.4379638815178,14.1743073339734,14.3017618950397,14.5029041916488,14.6040660334642,15.6885483290073,15.1660611475093,15.0783757400963,14.7373496161667,14.427294056909,14.4734052656648,13.4937801699407,13.3670376920284,12.4895075426443,13.6254576991907,12.9768677715188,13.4102937894646,13.5102542988777,14.2274796206982,13.9117324674864,13.1180746899421,13.6127087674973,12.8888624193238,13.7657350986935,13.4100547295193,12.9377236282611,12.2261660159967,13.4057414774582,13.5455918164196,14.4231624260102,13.3796229314038,12.1521711009537,14.2150304377215,13.2854871506683,13.5121158324733,14.187028157992,13.185464503448,12.4774856099934,13.5964283383365,14.0001602283745,13.9698789012248,15.2427457171164,13.2317970892189,13.7482786611663,13.9463845789963,12.9669836513751,13.4217075975173,13.444157232106
55,"Utah",34,14.1611067419761,13.8680588556676,12.9443304042702,14.7525259840628,15.8538041121888,14.3595577696665,15.3222501955112,15.2339193428394,13.6722917330677,14.0575317473726,12.9631952712171,12.0203361539984,11.9391531920968,10.8581479601992,10.8096350272529,12.5560304962993,11.729958755428,11.7594879306254,10.742920033727,11.2941112839217,10.6525547617364,11.0759404152709,9.61045676120594,10.6593081314337,8.8328690278231,9.99430380870774,10.9649949918888,10.8806750746538,11.1688437115262,10.7489798523986,10.4516534970243,10.0142705152781,11.3539737381324,11.4014377423566,12.1737972318488,13.6374900255607,13.9840606950972,14.8870897346753,13.3339288083569,12.5431674498982,14.6765554875151,14.6602440279202,14.8330207488093,15.6940937266846,16.8481173394408,15.7364370244979,16.8134388874995,16.000195460955,15.4337249385105,15.86543780682,14.4359430581163,13.9786480147187,14.7707825455168,13.9832158357195,13.4294127733289,11.2873190046453,11.5707654914149,11.1665284958163,11.9487162029137,11.2611284917185,11.3938488571428,12.0179028883437,10.9910746070165,11.453249820261,11.3341811907258,11.551240867046,11.1846281471298,10.8570441592247,10.7796725906942,11.1105420257611,10.7712301829769,11.9185949328865,9.64924498607516,7.54656835209714,11.7243123407527,11.0909709937381,9.38676079918644,10.0022269911556,8.89149798382642,9.28327395009105,10.1526728052968,11.9899187406603,12.2802487457701,14.1349375871825,13.4736186819254,13.7222275290595,13.4476344392924,11.4787426917541,11.3932849658034,11.7881241726577
42,"Nevada",35,13.8698197365296,13.0965736251203,14.6292096652139,15.9760857860309,16.7282773517508,16.2441751728706,16.8452969076793,14.5943133488674,14.2991739379804,15.8247520752142,15.1891434555981,13.9116209763622,12.0043147289765,11.9546376124328,11.7205188048706,13.2130539013531,10.8440557644425,10.3133574437488,8.83374799518834,7.68616544850288,6.77508521135767,5.95380061992244,5.46765769217158,5.45841801201302,4.47649989616966,4.56340062994432,5.21160256262245,7.1117196582224,6.11742046139298,6.27664505198656,6.2904775181848,6.6261125600791,7.79176232062817,7.88814826419538,7.61299160645503,9.709348131938,10.4007357365438,11.4098368731496,11.8649689761939,11.8009950440717,12.9606736682961,12.5147781615198,12.3674287465314,13.2579577257389,13.6262774001277,13.5916017714563,13.4661130911623,14.4850294684103,13.4543787881605,14.3757477393843,12.692475119916,12.1979858944436,12.4199325243191,11.7145403571837,13.2403883031929,13.4307128913407,13.4741146937805,13.8623709394993,14.4332574970664,13.6066284007866,14.0045739303814,13.984079497923,12.7630435316059,11.9746785987403,12.4535268420985,13.2448116435567,13.1568560385669,13.7274239502592,13.1519030395701,13.4554067511023,13.4889479013701,14.8548891536785,13.3608109684891,11.913657469674,12.6597362182163,11.0515230337693,11.3591243762651,12.0326064290229,12.0359081997691,12.1849386827797,12.6659140528117,12.0202904469427,12.2836344868655,12.1728126283895,11.4717236672305,11.7698229532254,11.5511089468702,9.72788835980298,9.4789999629953,10.3677523362112
41,"New Mexico",36,13.5926881831222,12.6641006894625,13.4476804469403,14.02743874269,14.0950827609952,13.0010370860775,14.5047594385507,13.6426721977458,13.6112533255614,13.1842238088053,12.3911758933832,12.3170359148923,12.0664814142749,11.3709491123488,11.4280310550262,12.1518519840546,11.0041058403645,11.7518355320654,11.009329781193,11.1464150068959,10.9668122095298,11.071504290431,11.0956455602631,11.2382258116003,10.3375057070973,10.4412779783082,11.616872499772,11.6209297381869,12.2592633621487,12.4772891874068,12.1772516175811,12.1461620967736,11.908478891056,11.8379249216096,11.8332455787552,12.4310782741238,12.0379520084421,12.6420110205458,12.4443325872031,12.7741415752319,12.9769786092008,13.3074163148543,13.2243656160102,13.4113239185884,13.1849928478864,13.3866524871154,14.4826917265578,15.6823303615579,13.1586448076467,14.1377688458518,13.3313137401888,12.662976221587,13.1564173663185,12.6045793028225,13.3010685191814,11.8782262017436,14.0722444793092,13.4940478957835,14.0150119942958,14.2997492272383,13.0451238988939,13.5159031959275,13.2327520711217,13.4909580318337,12.958284656387,13.3533089872044,13.0944212418637,13.3981640126446,12.6324637259476,14.4336436918985,14.0475064599429,15.5748500197144,14.2861889739954,13.8047253943126,13.1160961577449,12.9631135517928,12.574386790482,12.4589582454852,12.5457319610709,11.4073598698911,12.0736129110554,12.8858892975174,12.8296428809599,14.0910248432605,13.6465495234758,13.5109009703855,13.3870678053734,12.4048477662571,13.3714220396479,12.5885877196688
61,"West Virginia",37,9.78808834418281,9.38132621152761,10.4811747982665,10.221274651357,9.73693359350472,10.1770940407354,10.6821186692171,10.7558203560865,9.138079828531,9.47039399454663,8.81980957969563,8.97501079527806,8.85263222595551,8.86586761227808,8.94388509651687,9.60988753878138,8.41868420778831,9.66825857608433,9.61038096471554,8.52037840884949,8.41454067592808,9.33185813043425,8.16398787740413,9.24575335654874,9.51308865012163,8.64703030274533,9.39472558007114,9.8651383013002,10.3079664667234,9.94029574488919,9.47654140061836,9.1966037973683,9.91708708902345,9.33322680970848,10.1575830612603,10.6925186938171,10.2753313006672,10.6514765529972,10.7618744410803,10.5701432573983,10.3075813672575,9.82451158741287,9.74629805213439,9.61419140351225,11.3277111040139,10.4906552878865,12.2436026081211,11.7794903706499,10.8497815440561,11.6138711211228,9.99880712325474,10.4980059505553,10.8330018198872,9.53464370748943,9.83901282571768,10.4920044618203,11.1534038904479,11.0745475775647,11.9984999626877,11.9237391338115,11.2003202824655,11.7591091010441,11.6831493408622,11.5046248232841,11.0463155024333,11.8948330036217,12.6304098832273,12.5983451483146,11.6326513395338,12.6894010374844,12.3371851504466,13.5148571274063,11.8214375995155,11.5635929686797,11.9069242493876,11.8915315726597,12.6203327631364,12.7462517833098,12.9349415527466,11.4545624725428,13.0977917280923,12.9904754002291,12.3890543130501,13.8985418527158,12.6457145532255,12.617490572919,12.0825984766241,11.3697008329321,11.9857379315851,12.4977444610917
38,"Nebraska",38,13.9507829104758,13.3631804005086,14.276049989209,14.6479152676478,14.8761510781692,13.7901177838526,15.6478675869736,17.1690633204473,15.9011859809745,16.6989650298589,16.1561535478138,15.510967022002,14.9268687050922,14.520130457864,14.1855651833754,14.269809900105,14.7155446181811,15.7249160415323,15.1934460546489,13.5261514722567,15.0276575275772,15.026438821845,13.7717454784277,15.0791732380131,13.6651186154535,13.3259983844356,13.9086778417896,13.5401945833231,15.3606454689875,14.7629124057413,14.1410752904725,13.5630562203531,14.2125639797559,13.571740595121,14.4008844664575,15.7449660665553,15.2717636350887,15.6543325813343,15.1282053908859,15.2167254938746,16.0660287147456,15.1924393727931,15.2636480442867,15.4791157106284,15.6051765079059,16.3576610857072,16.7461045182323,16.4680865268676,15.8972637771601,17.1731437722568,14.3467282882405,15.6863823382478,15.5359968816328,14.8960272068141,14.6585482666498,13.0495594493125,14.0978428851877,14.6750239107123,15.3937028168143,15.5891621838065,14.5914157781783,15.5508968518265,15.0393260900823,15.2481259784272,15.1460826001231,15.424165188229,14.6075945226308,12.9515971075946,12.9817185127123,13.8067628719612,14.29650797538,16.3550814957285,14.271386145628,11.9050039606506,14.8758824508919,14.5067554723059,14.2237511035179,13.8009655350561,13.3016453049013,11.7306231178162,14.1658511782764,13.5930216694841,13.1873508151274,14.989889309739,14.8102387613428,15.7023929091896,15.2448937926529,13.8857131638247,12.8785637573293,14.0641622449971
20,"Idaho",39,13.6643793252523,13.0214033468363,13.3991067999899,14.2113783835727,14.4931704973969,14.5842361938007,14.1454414992986,13.2224363130844,12.0019937154107,11.2853540842685,9.6370646252511,10.0226655229379,10.3531740757444,9.81739197915053,10.020560180095,11.7444569194744,11.059187836248,10.7406661717079,8.82691751607527,8.24374651741284,8.74860614114853,8.40597354058769,7.28420772552006,8.61077446392754,7.78553203739503,7.77118464292062,9.27738462780485,9.20433882643623,10.5884543771844,10.1721240943434,9.8599343132842,9.93161443714939,10.3165873642791,9.90366176295342,10.9730782493694,12.315458485081,11.8423348850548,13.0380668304569,11.9910841539675,11.6660751678129,12.6219212368066,13.0708505659135,12.9912523274461,13.7335197824589,13.5793130845744,13.4779802119767,14.5574944541598,14.8905738580109,10.8125017827723,13.2432374013001,11.6771254987052,11.812131000734,11.5039579514174,11.7807498280417,12.4118765208816,11.6381810002906,12.8923931767644,12.1402703144099,13.0520975872291,13.274127672413,12.9670017310342,12.98047071404,11.6803494421598,11.718600014864,11.8475040408963,11.3930993445053,11.5361033121372,11.0394433886011,10.882813254913,13.3587954302092,13.1103355024973,14.0190489509795,13.6337456194507,11.4204165604369,12.8570988375207,10.9673218626248,10.0940485403599,10.1158894847694,10.9385481848202,11.2642053322484,11.8224878985249,13.016229250257,13.7705842515123,14.3093150915021,13.3366432870811,12.688561891065,12.6634566651461,12.0781593325949,11.4626274100141,9.71261316979758
18,"Hawaii",40,11.0657357537808,9.49675914581278,10.0826830544462,10.8687987155805,10.6808812142078,9.75912816212569,9.79407866605219,11.6628629848938,10.5373989402142,11.8977075043193,11.6193374857935,11.8460647923076,12.204075535395,10.2939685057848,9.48563068019831,9.44547546349014,8.63292394755532,8.56862098336648,7.34520458891179,8.54650035939737,7.15601130610913,8.72436347791205,7.10477151843211,8.57435733083523,6.7271836716448,6.76645284548905,7.45392023422575,7.60277178045443,6.70856076015353,6.73051044220739,6.99181028887516,6.36454458873146,6.22810125319908,6.16618654608741,6.66396735156865,7.6772969021645,6.46790072552703,8.30840053268216,8.3342102931357,7.92707719509187,7.99533553025152,8.86499617223738,8.77605447388552,8.73343524982543,9.0205837854903,7.99143979910482,9.68161133257753,9.63216920566066,9.38855365468898,9.8763308751179,9.47225405411508,9.79861126232846,9.75243712984265,10.4257745580975,10.1533059726479,8.01441868574663,10.2658462921643,9.91085703267992,9.89345551330226,9.42200977196503,8.58609335313031,9.86875542831601,9.6250982944552,9.49107261889696,10.7436964620196,8.9420689680068,10.727014101335,9.5533087588131,9.04775325795166,9.00647720562633,9.7064920567591,10.0362860030491,9.76549131499901,9.5446302401048,9.05451499399856,9.33258647227722,9.34372584931671,9.65803168206648,10.177610028307,9.40171571997983,9.74924960385836,10.0140080178986,9.83423697525843,10.8298103683761,9.78101547619016,9.73533034068234,10.2869042715744,9.32005785023343,10.0741262435135,10.9588346348846
28,"Maine",41,10.1967475386101,9.92011118730295,10.6579489574212,12.2785088102568,11.1998675409939,10.7383631531286,12.4162992561643,11.5663995921176,10.7657683634565,12.0522735235155,9.97792461153425,10.3794010865987,9.70771019192197,9.96503555612927,9.99165471894023,9.95627427848066,9.76286445610723,10.8261349613718,9.76437366855759,8.96343897784334,10.1908004437774,9.50270859583706,8.71129537729641,9.85074895795411,5.80850073737951,7.86923296580498,9.09468428404166,9.45980270526414,9.97633257442859,9.7671245492811,9.59737788345391,9.08730115144017,9.43603514150261,9.43022587834287,9.78923565659472,10.7951975557172,10.7548753782655,10.9809939359582,10.4365181510244,10.3916983040571,10.8321004958145,10.8875386678149,10.1510034097745,11.105564225483,11.4426859131691,11.5398099591271,12.8196929821691,13.2395617361006,12.4190997072904,11.6571475449766,10.5196452445769,10.3677596497823,10.1379465810162,9.49276174398378,9.93378491898078,9.9300103762173,9.96506480693157,11.5355421603633,11.6092540799748,11.3783078440658,11.0867936574178,11.5002246957568,10.544739012456,11.2316269123907,10.1649294771866,10.820824469559,10.4015812482617,9.80653254566199,9.30956307368391,9.86446902562002,10.2287298148884,11.3521154309765,10.6553515972054,9.53983071826508,10.4442118532257,9.74411341867487,10.5233776551074,9.7419326604814,9.61053024660961,9.77098289801843,11.1252944232054,11.2022002856529,11.5187248901121,13.1292691565727,12.8233546720153,11.8694432804223,11.4622106555443,9.86894933661858,10.7489922705517,10.5470512331716
39,"New Hampshire",42,11.1551802760226,12.5133703569897,11.7793237661708,13.4561923879037,12.899794387732,11.8414252805609,13.3057951486369,11.8591191647044,13.406610594853,13.7027045937101,12.9461950396271,11.9605560704178,11.6133882032744,11.0361181839257,11.1456694200652,12.3512253090539,12.6316114053568,13.5389916505205,11.9791678819787,12.5130439113784,12.1297430516464,11.4398553162043,10.6180824461639,11.4088268953093,9.82874063727155,9.05664549829379,10.8246069509976,10.2280456110652,11.7759070250424,11.54852335394,11.3438109803102,10.2116381361991,11.2456628850042,10.8705043299157,11.6426337549322,12.8210840927497,11.2382950474667,11.9638215309164,11.2332219541937,11.1076089739905,11.7985250662844,10.6466653950539,11.3053525726648,12.1778003740907,12.1667217906571,11.7692720371089,13.1061290092094,14.1506539126365,13.8539828867915,12.8457132948546,11.5267626502647,10.9916677202882,10.7607198878281,10.3704869492925,9.94848310470714,10.5084741771299,10.8279689586466,11.2820404681115,12.3707439565013,12.2987805884295,12.0042007032699,12.0892211579711,11.6216851138225,11.4103404815593,10.6414650605456,11.2729282512363,10.7879282681077,10.4537564714043,9.37000498163951,10.5604033445296,10.342936570249,11.1388735242381,9.82273146316611,9.46026643363437,10.5608775954808,10.4334686356372,10.2880838866399,10.0614530804006,9.89070725133817,8.90452358143077,9.81787799919988,10.0119781530425,9.83942611078156,11.9243859848325,10.9921049494423,11.3144860255863,11.3585103043296,10.0255620397145,9.65790943474736,10.344965433367
50,"Rhode Island",43,14.4446044453867,14.1661756880883,14.9489273575708,14.6729125257971,15.0600479739586,14.4877284314044,17.6917571082361,16.8655171433614,16.2100207835197,18.0513134721985,16.5357310975945,14.1205866907253,15.3513150786986,14.3803034710992,14.9051012948694,15.6770750850286,14.3176369628283,16.149186631344,15.8925400273423,14.7000813832092,14.6442112399492,12.8873834871921,13.4448421842526,14.1698659252,11.757358041145,11.0045760306544,12.6290837786964,12.5196071892932,13.1761801355572,13.1630189831821,12.8977667183623,11.8228158556098,12.0200159235536,11.9150611933191,12.7996346255183,14.1718623518942,13.5252624045224,14.1600285391114,13.4845579241213,14.0379171109138,14.7003789671036,14.8016814009282,12.9246888230029,14.9090562908033,14.7653371889825,15.730539953582,15.7293598394275,16.2652760655631,15.6333284554554,16.3289935024359,14.3275952846259,14.8326232752772,14.128188208951,11.7836504436252,12.9075676159026,12.8887334758865,14.7608902750576,14.973387431479,15.7259858935133,16.6172957022399,15.5017367725622,15.9035289412355,13.9880021703849,14.6154182917151,13.9744892736294,14.4610338421184,13.8876004680103,13.2606481271002,12.3642168304201,13.0334428213176,12.9615117451076,15.114773327492,13.3569116965881,13.5499489095383,13.7438309843594,13.1375658286202,14.1479200293972,13.3897634388495,11.3032811227968,10.631130529739,10.8681882045785,12.3355001549219,12.7410947829813,15.114763261614,12.9865334482176,12.7235072375291,13.8499856254481,12.2871677526877,13.253596084742,13.6817755024304
35,"Montana",44,9.68595111915645,8.29806532268286,10.2023925030901,10.4936544420314,10.3112999940492,9.45581934129994,9.21577325653623,9.27589305446162,9.53948549586712,10.1776705399257,8.40580011541561,9.29533026350027,8.4374284098022,7.98488649875176,7.50853131492011,8.97916973281278,8.61483283721552,8.71854967814721,7.96769188629662,7.43949297720738,7.60857866531453,6.98392061945133,6.9301798408197,6.59951501338713,5.92221773902655,6.24824146796211,6.970348641845,6.98574294630143,6.88144865725746,7.82587512526459,6.90268756221134,7.12553251074796,7.27923140626566,6.46972472358201,7.40809939317757,8.37086148660133,7.30949954922924,9.21739303376099,7.9368002804439,7.52666517609479,7.62909424134745,7.96071933143974,8.21434236603349,7.62848973619014,8.12771261131827,8.2471844726444,9.81543305496963,8.93674514665025,8.90654920990379,9.35477878302761,8.10210730837825,8.59198115931786,8.11094469201696,8.21794434492857,8.80159295663027,7.40783855013888,7.73679489197273,8.50545884942347,9.1516182664583,9.36469644152823,8.4277702000362,8.41058549389761,8.3993339091664,8.59392133351113,8.81407111902288,9.60871452990036,9.61022901766889,8.61607595902072,8.92021941634851,9.33272318798332,9.15621475129103,10.4604913194105,9.63993662582574,8.40003701825365,9.35371091008686,8.47556928586959,8.76350288158244,8.04660560248113,8.03013022412597,8.15874581249948,9.343547057582,9.64135020025614,9.05402796439204,10.1508480907645,9.62456377901497,9.86481723280259,9.13047914739605,7.9191881609151,8.76898470882678,7.83400010993234
13,"Delaware",45,15.3678542457372,15.0966041761985,14.8715064281166,15.1252492927195,15.4285342959781,15.1857894738021,15.4025248543903,14.7721402934847,15.2585260274943,15.2322884852314,14.757620775967,14.4036773362375,13.8784217189887,13.47255254314,12.9145892961701,14.0667795664082,13.9600199372521,14.0342290218498,13.7838040108821,12.0499070303443,11.4224670224128,12.9100239356428,11.3934980858621,11.8825022690508,10.7190785488175,10.1596974917546,11.4903892649223,11.5196394777179,10.5293727998135,11.9384946718175,11.609020916745,10.2917744732538,9.23865633917609,10.281137419907,11.2266940728879,13.7067081794638,11.8106015014926,12.8319861673029,12.0108923903008,11.7323139823282,12.970669729631,12.0501862003916,11.4177363647414,13.2396373475166,14.099403986784,13.8472352191614,15.1366049755005,15.0543604901072,14.2334032111406,14.8567138358956,13.4190867083228,13.7419619296862,13.807491476792,13.4518516425184,13.1465594531972,12.8598212090245,15.425928306358,14.4752741957774,15.3225113469956,13.9464497536407,13.1575084632051,14.548703852035,13.8170504386883,13.8431049433617,12.9160571872866,14.1913219769512,14.9221931573716,14.7327643362194,13.0229506015536,14.4101975740468,12.2232125728687,14.7974730482718,14.9175287878276,13.7285577555741,14.8261350435637,14.662611875174,15.2868274925609,15.2679438816489,14.2194749681864,13.5434285021237,15.320129990373,14.9118229540367,15.1574703027375,15.7157128602019,14.7925709883165,14.057906878934,15.278837925187,13.9148842887922,13.4790725849606,13.6268272500199
52,"South Dakota",46,10.7273205296781,10.8425242437601,10.1291010010086,11.3840564918528,11.8748525699662,10.6146827407136,9.77119038066196,9.13509857469944,11.184213181295,12.6449741763339,12.7051965961418,10.7500793031721,10.1541980214268,10.0532099326676,10.3194290250994,10.3843098523963,8.97137689220389,10.5032594271752,10.1978449446762,9.2700760484343,9.42382954289768,9.10403575223186,8.68706122962594,9.30652907016085,8.46001908445088,8.25958231260739,8.7809508296164,8.84846635895993,9.74452384840323,9.57912908896803,9.88635740829207,8.69952140916662,9.39425421214449,9.49126262024074,9.47016452867494,10.1643268658207,9.72904019033749,9.55762492301273,10.1656390233881,10.8219998708135,11.1053421569224,11.0537147626384,10.5409149598556,10.7138449636222,10.5533755191403,10.5195707351349,10.8856814684491,11.660425746539,11.2694272741638,11.9989008815001,10.1433661836917,10.5775920529295,10.5294869250572,10.9984456636293,10.4975069661544,10.0274736042547,9.99362833406211,8.64124449637476,10.5675681286006,12.1833257544833,11.2214434614741,12.2874140291046,10.9586335705539,11.5791944996245,9.84427618209251,10.8581126659062,11.3655345177323,10.672359225227,9.97892204749578,10.9878688275016,9.8747029626092,12.3642161968317,9.85194947603223,8.28471335070935,11.0844447270295,9.69797647791926,11.4114065837315,10.4327510269205,10.3933185863376,9.91991685100698,9.90943086959138,11.5714751781328,10.8329273588703,12.411007568881,12.1756475035642,12.1815256291601,11.7603833301379,10.0523051272974,11.3167278880101,10.1692601755624
3,"Alaska",47,15.126821992565,13.9099568141754,15.0446902010731,15.4188876132806,14.6767129646929,14.5198542447202,16.3698330436972,15.3551320463659,14.403198540468,13.6033687216489,13.776659315473,12.4030444028549,13.5604608385444,13.6833865477441,11.9200244488258,12.2758208969323,12.3537740844632,12.7360085417481,13.1442249965465,12.4402649285836,13.1703600785803,13.8348270047563,14.3763853803035,13.6687327092766,12.4773715425732,11.9096684351495,14.1069444464182,13.5889881057226,13.414819692225,13.1060438936898,13.7444197603094,12.8767942876155,12.8337347573592,13.701112839601,14.5834185937532,15.9420559414453,13.6012227534838,13.800860977679,13.130085171378,14.4451944396252,14.1477317811925,15.0737327143376,13.4871535997324,15.1435477791702,13.5624147828879,15.1263189626399,14.2878773417631,15.7587737463978,12.7460576435026,15.6951934413733,13.8238462461634,14.5146891148779,15.1828976965039,13.6030845186817,13.2910410717164,13.9696070240832,14.2658402222069,13.7267269900145,15.0000360084878,15.8659849593383,15.7341883518253,15.6261482794489,15.9114234089939,15.7301899179331,14.4505342505633,15.4400067309659,15.6118903430087,15.9144050205056,15.3604697673157,14.6077597434226,13.4478715513189,14.8154347733338,14.2041688348454,12.0855028662876,13.5651420026443,13.1324127636738,13.0749413699859,13.9831151497396,12.0966782611366,10.6054428721013,13.324213792192,14.8461750262502,13.8837919072978,16.202365904298,14.6974759943316,15.5264574716734,14.8244327395208,13.5237867758899,15.4505852467418,15.4071219396132
37,"North Dakota",48,11.2731599132071,10.4219897009412,11.092114140687,11.8652317265719,12.1926844433558,10.4836630474043,10.8093411418593,8.54358944254839,9.73115848889235,10.3928602639956,10.6981738653969,9.51798309385437,7.77467170486843,8.58817466479024,9.06803762766885,10.2101017465688,10.2482741038998,9.49719270413957,9.42088013132075,9.04018965954814,8.99731514237697,8.56741074791587,7.68417439111914,8.1522662770819,8.57401303663105,9.07816354249097,9.33845807771838,10.1645332799477,10.1392377481977,8.0315955328952,7.89508398472355,7.24130351512259,7.56266632649975,8.18297096068065,9.79975746645454,11.368256550776,10.1142464317822,12.236659599276,11.8180752012263,10.8238340058707,11.0778310289452,10.9197738376685,10.5000987577903,9.90904687145793,10.5488335556674,10.5583426006914,11.49406079059,11.5295426613447,12.5293347147678,10.7324587008697,10.144167894294,11.8270388721432,12.6715685128402,13.387224986003,11.3681544820649,11.9041390081341,11.6461966116253,13.556318334028,12.4965900456401,14.8457890204627,14.1882205230075,14.5612396186834,13.5287327132508,13.0261071040107,12.8099474995497,14.1133481854102,14.197885350136,12.837185294129,14.4107272738469,12.3112687211517,13.0463382658172,13.7527401744089,11.2806809721722,9.61222521013578,12.4004279212534,10.6366083416245,8.50526327411187,12.4649285882701,14.4231281322465,14.4730436442907,15.920844733832,15.5556702038835,14.8711876810903,16.667431583509,14.189222997279,14.9179749571376,12.984210154815,12.1776647000473,14.0286769778566,12.8356590343862
58,"Vermont",49,8.16536552694713,8.59696170373671,8.66990393987759,9.45407707097659,8.65925502712972,7.69142128142498,8.87445020733863,7.64577252440138,8.81570814869075,9.50769314862239,8.16228269497211,8.63093710338528,7.2287592027635,8.31920956983062,7.58917440530915,7.82777554582839,7.43874885130916,7.99919182550609,8.09512709016703,7.74335560195625,7.47770283981441,7.19423715041934,7.10603872798793,7.27093315419051,7.65110636774817,7.35194872152219,7.59414625852389,7.6370575208662,7.94808413692932,8.24485134770619,7.72731111344748,7.11524867590328,8.59421499359872,7.68423900840639,8.84444623980307,9.05921251755932,8.38675730290741,8.70538429369803,8.61670787155823,7.78327337033115,8.54365684163562,8.1596685929242,8.0243585382225,9.6466219838648,9.54606631459683,9.39032439646119,9.84793621021892,9.80065409577824,9.95447545807603,9.03644942029275,8.59400518117945,8.47269038278154,7.94818347472936,7.50994702642508,8.07905011517513,7.52229617397782,8.22689006758158,8.61142153677498,9.58176474394442,10.0375836231627,9.67903783967208,8.83257904043594,8.51960065853971,8.37843559828968,8.97142164410847,8.88902829290114,8.37385062148449,7.70623806563668,7.53619433624583,7.93093243523325,8.25865009830384,9.41983311096716,7.73087802920915,7.49371292293375,8.54116513398579,8.76407173482587,9.444536148697,9.22106581669827,8.82012177167323,7.42996573131187,7.96169644460543,8.51447724699016,8.14216416770935,9.55240443841505,8.46453619370116,8.7139583326326,8.71478644440181,8.47109222706838,8.55912513127212,8.80744227893636
12,"District of Columbia",50,13.9392705382966,14.160790535862,13.8489581593199,14.8079255969604,14.2011133653267,14.4780435238993,15.398925173137,14.1418267074731,14.8300414232968,14.3992636840349,13.7671020474632,12.4083318121179,12.2051199398409,12.9189174991172,11.7863275863912,11.0606970533378,11.132110984838,11.551922221658,12.2846750824541,10.3697993922896,11.3682147776737,10.5759814365184,11.0743000743341,11.2425272623654,10.2016535650795,8.98233062329057,10.192706013632,10.9742425910477,11.3401463727524,11.6525679981734,10.3683967526353,9.6709869447312,9.1183239956728,10.0946810788809,11.3349069108946,12.6824255344875,12.5145148367558,12.0136448612083,13.2480860489999,12.3337155739681,12.488157615132,11.5926151313649,10.5865574056569,11.8926662627905,12.2536929358791,12.6515528469994,13.938448527808,13.7667701217757,13.8124935956956,13.8607891533672,12.6138244141319,13.4477194866832,13.2260628484923,12.0320434734632,11.2920970661448,10.8922363063236,11.0576557714625,10.5251461454798,11.531685174859,13.4156795971114,11.0411105709034,13.7145564035043,13.5674447787129,13.3625253355582,12.6500964164022,13.8231968786476,12.8418760234951,14.4460575881135,13.071486113909,13.6071613401959,12.3133447226006,12.4220123907259,12.2880222185011,10.7798087817207,13.4168181294967,12.4060484269154,13.0844180953727,14.8805703958518,14.7103314155464,13.0397662647486,14.7450462795052,16.0812097348422,15.8256777192184,15.9523423002426,15.7588468912877,15.2568008814928,12.9400762053864,13.256180638622,14.0128914196998,13.3575164064721
62,"Wyoming",51,10.4037543447266,9.72802651865086,9.93191861032993,10.6779920209651,10.1929954811445,10.0640993916566,11.6298301102998,10.437281832312,9.08334045962691,9.79079769924086,8.33332761021939,9.74533936419077,9.30939618225502,8.68766871010817,8.21115153724541,8.31528904438936,8.24127193438005,7.61634700152285,8.20764534835772,8.02014678237585,9.52548384770919,8.27461210543527,8.50535451047497,8.83752455126646,6.8307015967948,8.42587349819653,8.93110423835334,9.09621708209234,10.1618913750122,9.48948343594798,8.51184204550869,7.0930332257212,8.66420761762121,8.21951605629603,9.51270983602731,10.1376210458478,8.82045281626386,9.2492292561569,9.38517192807375,9.97140896338178,9.44668487923976,9.0909053139693,8.52649434532867,8.91594429863397,9.10580615150173,8.44649544796601,8.72119502561583,7.84461713559968,8.68113028974524,9.32983066668158,7.76852062858663,9.26026493515295,8.90844228691748,8.5288588904345,8.36865894510319,8.1141599029641,7.81127171920747,8.25203798271517,10.4542683745563,10.1667600487693,10.8634402352815,11.360470932616,11.4176363341539,10.2870655290384,10.2766236550988,11.5722557537919,11.0221891672262,11.7713970969152,11.4325149772002,11.3348506288876,9.73996520197154,12.1423394135321,10.2949736193633,8.4451116164172,10.8384080306658,9.62092491333001,9.99369828546827,10.0487338549608,9.95488279258051,10.2689424105244,10.5671101461616,12.0380889010295,11.8065829620765,12.2667068855583,10.9433499002075,10.9292690166016,9.67985513420118,9.03124383908492,10.5092738877491,9.4978244573318
